"Target","Common name","Uniprot ID","ChEMBL ID","Target Class","Probability*","Known actives (3D/2D)"
"HMG-CoA reductase","HMGCR","P04035","CHEMBL402","Oxidoreductase","1.0","230 /  102     "
"Norepinephrine transporter","SLC6A2","P23975","CHEMBL222","Electrochemical transporter","1.0","134 /  1     "
"Neurokinin 2 receptor","TACR2","P21452","CHEMBL2327","Family A G protein-coupled receptor","1.0","98 /  1     "
"Dopamine transporter","SLC6A3","Q01959","CHEMBL238","Electrochemical transporter","1.0","148 /  2     "
"Histone deacetylase 6","HDAC6","Q9UBN7","CHEMBL1865","Eraser","0.106165761464","59 /  2     "
"Cytochrome P450 17A1","CYP17A1","P05093","CHEMBL3522","Cytochrome P450","0.106165761464","50 /  11     "
"Histone deacetylase 1","HDAC1","Q13547","CHEMBL325","Eraser","0.106165761464","58 /  2     "
"MAP kinase p38 alpha","MAPK14","Q16539","CHEMBL260","Kinase","0.106165761464","290 /  0     "
"Bile acid receptor FXR","NR1H4","Q96RI1","CHEMBL2047","Nuclear receptor","0.106165761464","21 /  0     "
"Histone deacetylase 2","HDAC2","Q92769","CHEMBL1937","Eraser","0.106165761464","16 /  2     "
"p53-binding protein Mdm-2","MDM2","Q00987","CHEMBL5023","Other nuclear protein","0.106165761464","306 /  0     "
"Beta amyloid A4 protein","APP","P05067","CHEMBL2487","Membrane receptor","0.106165761464","40 /  0     "
"Cyclooxygenase-2","PTGS2","P35354","CHEMBL230","Oxidoreductase","0.106165761464","59 /  14     "
"Potassium channel subfamily K member 3","KCNK3","O14649","CHEMBL2321613","Voltage-gated ion channel","0.106165761464","26 /  0     "
"Corticotropin releasing factor receptor 1   (by homology)","CRHR1","P34998","CHEMBL1800","Family B G protein-coupled receptor","0.106165761464","102 /  0     "
"11-beta-hydroxysteroid dehydrogenase 1","HSD11B1","P28845","CHEMBL4235","Enzyme","0.106165761464","327 /  21     "
"Cytochrome P450 19A1","CYP19A1","P11511","CHEMBL1978","Cytochrome P450","0.106165761464","37 /  50     "
"Phosphodiesterase 2A","PDE2A","O00408","CHEMBL2652","Phosphodiesterase","0.106165761464","109 /  0     "
"Phosphodiesterase 10A","PDE10A","Q9Y233","CHEMBL4409","Phosphodiesterase","0.106165761464","412 /  0     "
"Vasopressin V1a receptor","AVPR1A","P37288","CHEMBL1889","Family A G protein-coupled receptor","0.106165761464","32 /  0     "
"Cytochrome P450 24A1","CYP24A1","Q07973","CHEMBL4521","Enzyme","0.106165761464","4 /  0     "
"Tyrosine-protein kinase receptor TYRO3","TYRO3","Q06418","CHEMBL5314","Kinase","0.106165761464","35 /  0     "
"Proto-oncogene tyrosine-protein kinase MER","MERTK","Q12866","CHEMBL5331","Kinase","0.106165761464","48 /  0     "
"C5a anaphylatoxin chemotactic receptor","C5AR1","P21730","CHEMBL2373","Family A G protein-coupled receptor","0.106165761464","33 /  0     "
"Orexin receptor 2","HCRTR2","O43614","CHEMBL4792","Family A G protein-coupled receptor","0.106165761464","31 /  0     "
"Orexin receptor 1","HCRTR1","O43613","CHEMBL5113","Family A G protein-coupled receptor","0.106165761464","28 /  0     "
"Arachidonate 5-lipoxygenase","ALOX5","P09917","CHEMBL215","Oxidoreductase","0.106165761464","39 /  7     "
"Thrombin","F2","P00734","CHEMBL204","Protease","0.106165761464","64 /  9     "
"Lysosomal Pro-X carboxypeptidase","PRCP","P42785","CHEMBL2335","Protease","0.106165761464","41 /  0     "
"Protein farnesyltransferase","FNTA FNTB","P49354 P49356","CHEMBL2094108","Enzyme","0.106165761464","46 /  5     "
"Geranylgeranyl transferase type I","PGGT1B FNTA","P53609 P49354","CHEMBL2095164","Enzyme","0.106165761464","13 /  1     "
"Metabotropic glutamate receptor 2","GRM2","Q14416","CHEMBL5137","Family C G protein-coupled receptor","0.106165761464","9 /  0     "
"Mixed lineage kinase 7","MAP3K20","Q9NYL2","CHEMBL3886","Kinase","0.106165761464","7 /  0     "
"Sphingosine 1-phosphate receptor Edg-3","S1PR3","Q99500","CHEMBL3892","Family A G protein-coupled receptor","0.106165761464","21 /  0     "
"TGF-beta receptor type II","TGFBR2","P37173","CHEMBL4267","Kinase","0.106165761464","5 /  0     "
"TGF-beta receptor type I","TGFBR1","P36897","CHEMBL4439","Kinase","0.106165761464","20 /  0     "
"Acyl-CoA desaturase","SCD","O00767","CHEMBL5555","Enzyme","0.106165761464","22 /  0     "
"Squalene synthetase","FDFT1","P37268","CHEMBL3338","Enzyme","0.106165761464","26 /  0     "
"Cytochrome P450 51","CYP51A1","Q16850","CHEMBL3849","Cytochrome P450","0.106165761464","14 /  0     "
"N-lysine methyltransferase SMYD2","SMYD2","Q9NRG4","CHEMBL2169716","Writer","0.106165761464","4 /  0     "
"Thrombin and coagulation factor X","F10","P00742","CHEMBL244","Protease","0.106165761464","199 /  0     "
"Androgen Receptor","AR","P10275","CHEMBL1871","Nuclear receptor","0.106165761464","124 /  60     "
"6-phosphofructo-2-kinase/fructose-2,6-bisphosphatase 3","PFKFB3","Q16875","CHEMBL2331053","Enzyme","0.106165761464","152 /  0     "
"Monocarboxylate transporter 1","SLC16A1","P53985","CHEMBL4360","Electrochemical transporter","0.106165761464","24 /  0     "
"Tyrosine-protein kinase receptor UFO","AXL","P30530","CHEMBL4895","Kinase","0.106165761464","32 /  0     "
"Cannabinoid receptor 2   (by homology)","CNR2","P34972","CHEMBL253","Family A G protein-coupled receptor","0.106165761464","513 /  5     "
"LIM domain kinase 2","LIMK2","P53671","CHEMBL5932","Kinase","0.106165761464","10 /  0     "
"Glycogen synthase kinase-3 beta","GSK3B","P49841","CHEMBL262","Kinase","0.106165761464","81 /  3     "
"Gamma-secretase","PSEN2 PSENEN NCSTN APH1A PSEN1 APH1B","P49810 Q9NZ42 Q92542 Q96BI3 P49768 Q8WW43","CHEMBL2094135","Protease","0.106165761464","168 /  0     "
"Protein kinase C alpha","PRKCA","P17252","CHEMBL299","Kinase","0.106165761464","102 /  203     "
"Phosphodiesterase 5A","PDE5A","O76074","CHEMBL1827","Phosphodiesterase","0.106165761464","50 /  0     "
"Liver glycogen phosphorylase","PYGL","P06737","CHEMBL2568","Enzyme","0.106165761464","75 /  0     "
"Intercellular adhesion molecule (ICAM-1), Integrin alpha-L/beta-2","ITGAL ICAM1 ITGB2","P20701 P05362 P05107","CHEMBL2096661","Membrane receptor","0.106165761464","14 /  0     "
"PI3-kinase p110-beta subunit","PIK3CB","P42338","CHEMBL3145","Enzyme","0.106165761464","223 /  0     "
"Voltage-gated potassium channel subunit Kv1.5","KCNA5","P22460","CHEMBL4306","Voltage-gated ion channel","0.106165761464","50 /  0     "
"Prostaglandin E synthase","PTGES","O14684","CHEMBL5658","Enzyme","0.106165761464","18 /  10     "
"Renin","REN","P00797","CHEMBL286","Protease","0.106165761464","258 /  0     "
"Sphingosine 1-phosphate receptor Edg-1","S1PR1","P21453","CHEMBL4333","Family A G protein-coupled receptor","0.106165761464","11 /  0     "
"Ileal bile acid transporter","SLC10A2","Q12908","CHEMBL2778","Electrochemical transporter","0.106165761464","26 /  0     "
"Tyrosine-protein kinase ITK/TSK","ITK","Q08881","CHEMBL2959","Kinase","0.106165761464","54 /  0     "
"Heat shock protein HSP 90-alpha","HSP90AA1","P07900","CHEMBL3880","Other cytosolic protein","0.106165761464","35 /  0     "
"Kinesin-like protein 1","KIF11","P52732","CHEMBL4581","Other cytosolic protein","0.106165761464","22 /  0     "
"Thromboxane-A synthase","TBXAS1","P24557","CHEMBL1835","Cytochrome P450","0.106165761464","3 /  0     "
"Glutamate NMDA receptor; GRIN1/GRIN2A","GRIN2A GRIN1","Q12879 Q05586","CHEMBL1907604","Ligand-gated ion channel","0.106165761464","8 /  0     "
"Glutamate receptor ionotropic, AMPA 2","GRIA2","P42262","CHEMBL4016","Ligand-gated ion channel","0.106165761464","8 /  0     "
"Type-1 angiotensin II receptor   (by homology)","AGTR1","P30556","CHEMBL227","Family A G protein-coupled receptor","0.106165761464","36 /  0     "
"Neurokinin 1 receptor","TACR1","P25103","CHEMBL249","Family A G protein-coupled receptor","0.106165761464","82 /  0     "
"Beta secretase 2","BACE2","Q9Y5Z0","CHEMBL2525","Protease","0.106165761464","27 /  0     "
"Phosphodiesterase 4D","PDE4D","Q08499","CHEMBL288","Phosphodiesterase","0.106165761464","31 /  8     "
"Pyruvate kinase isozymes M1/M2","PKM","P14618","CHEMBL1075189","Enzyme","0.106165761464","10 /  0     "
"Melatonin receptor 1A","MTNR1A","P48039","CHEMBL1945","Family A G protein-coupled receptor","0.106165761464","14 /  0     "
"Melatonin receptor 1B","MTNR1B","P49286","CHEMBL1946","Family A G protein-coupled receptor","0.106165761464","15 /  0     "
"EZH2/SUZ12/EED/RBBP7/RBBP4","EZH2","Q15910","CHEMBL2189110","Writer","0.106165761464","35 /  0     "
"c-Jun N-terminal kinase 1","MAPK8","P45983","CHEMBL2276","Kinase","0.106165761464","97 /  0     "
"Epoxide hydratase","EPHX2","P34913","CHEMBL2409","Protease","0.106165761464","126 /  0     "
"Estradiol 17-beta-dehydrogenase 3","HSD17B3","P37058","CHEMBL4234","Enzyme","0.106165761464","12 /  0     "
"Protein-tyrosine phosphatase 1B","PTPN1","P18031","CHEMBL335","Phosphatase","0.106165761464","102 /  67     "
"C-X-C chemokine receptor type 7","ACKR3","P25106","CHEMBL2010631","Family A G protein-coupled receptor","0.106165761464","3 /  0     "
"Serine/threonine-protein kinase PIM1","PIM1","P11309","CHEMBL2147","Kinase","0.106165761464","58 /  0     "
"Tyrosine-protein kinase JAK3","JAK3","P52333","CHEMBL2148","Kinase","0.106165761464","129 /  0     "
"Metabotropic glutamate receptor 1","GRM1","Q13255","CHEMBL3772","Family C G protein-coupled receptor","0.106165761464","30 /  0     "
"Serine/threonine-protein kinase PIM3","PIM3","Q86V86","CHEMBL5407","Kinase","0.106165761464","29 /  0     "
"Cyclin T1","CCNT1","O60563","CHEMBL2108","Other cytosolic protein","0.106165761464","47 /  0     "
"Tyrosine-protein kinase LCK","LCK","P06239","CHEMBL258","Kinase","0.106165761464","53 /  0     "
"MAP kinase p38 beta","MAPK11","Q15759","CHEMBL3961","Kinase","0.106165761464","17 /  0     "
"c-Jun N-terminal kinase 2","MAPK9","P45984","CHEMBL4179","Kinase","0.106165761464","53 /  0     "
"Macrophage colony stimulating factor receptor","CSF1R","P07333","CHEMBL1844","Kinase","0.106165761464","80 /  0     "
"Tyrosine-protein kinase ABL","ABL1","P00519","CHEMBL1862","Kinase","0.106165761464","79 /  0     "
"Vascular endothelial growth factor receptor 1","FLT1","P17948","CHEMBL1868","Kinase","0.106165761464","23 /  0     "
"Platelet-derived growth factor receptor beta","PDGFRB","P09619","CHEMBL1913","Kinase","0.106165761464","20 /  0     "
"Stem cell growth factor receptor","KIT","P10721","CHEMBL1936","Kinase","0.106165761464","56 /  0     "
"Insulin-like growth factor I receptor","IGF1R","P08069","CHEMBL1957","Kinase","0.106165761464","119 /  0     "
"Tyrosine-protein kinase receptor FLT3","FLT3","P36888","CHEMBL1974","Kinase","0.106165761464","66 /  0     "
"Insulin receptor","INSR","P06213","CHEMBL1981","Kinase","0.106165761464","32 /  0     "
"Isocitrate dehydrogenase [NADP] cytoplasmic","IDH1","O75874","CHEMBL2007625","Enzyme","0.106165761464","21 /  0     "
"Kinesin-1 heavy chain/ Tyrosine-protein kinase receptor RET","RET","P07949","CHEMBL2041","Kinase","0.106165761464","17 /  0     "
"Adenosine A2a receptor","ADORA2A","P29274","CHEMBL251","Family A G protein-coupled receptor","0.106165761464","94 /  0     "
"Tyrosine-protein kinase SYK","SYK","P43405","CHEMBL2599","Kinase","0.106165761464","203 /  0     "
"Tyrosine-protein kinase SRC","SRC","P12931","CHEMBL267","Kinase","0.106165761464","122 /  0     "
"Macrophage-stimulating protein receptor","MST1R","Q04912","CHEMBL2689","Kinase","0.106165761464","4 /  0     "