"No.","Uniprot_id","Organism","Chembl_id","OpenTargets_id","TTD_id","TTD_target_type","Docking_PDB_id","Docking_score","Target_name","Gene_names","Function","Probability"
1,"P04035","Homo sapiens (Human)","CHEMBL402","ENSG00000113161","HMDH_HUMAN","Successful target","3CD5",-8.8,"HMG-CoA reductase","HMGCR","cholesterol biosynthetic process; coenzyme A metabolic process; isoprenoid biosynthetic process; negative regulation of amyloid-beta clearance; negative regulation of MAP kinase activity; negative regulation of protein catabolic process; negative regulation of protein secretion; sterol biosynthetic process; visual learning",0.9990215301513672
2,"Q13547","Homo sapiens (Human)","CHEMBL325","ENSG00000116478","HDAC1_HUMAN","Successful target","4BKX",-6.3,"Histone deacetylase 1","HDAC1;RPD3L1","cellular response to platelet-derived growth factor stimulus; chromatin organization; chromatin remodeling; circadian regulation of gene expression; DNA methylation-dependent heterochromatin formation; embryonic digit morphogenesis; endoderm development; epidermal cell differentiation; eyelid development in camera-type eye; fungiform papilla formation; hair follicle placode formation; hippocampus development; histone deacetylation; histone H3 deacetylation; histone H4 deacetylation; negative regulation by host of viral transcription; negative regulation of androgen receptor signaling pathway; negative regulation of apoptotic process; negative regulation of canonical Wnt signaling pathway; negative regulation of cell migration; negative regulation of DNA-templated transcription; negative regulation of gene expression; negative regulation of I-kappaB kinase/NF-kappaB signaling; negative regulation of intrinsic apoptotic signaling pathway; negative regulation of stem cell population maintenance; negative regulation of transcription by RNA polymerase II; negative regulation of transforming growth factor beta receptor signaling pathway; neuron differentiation; odontogenesis of dentin-containing tooth; oligodendrocyte differentiation; positive regulation of cell population proliferation; positive regulation of DNA-templated transcription; positive regulation of gene expression; positive regulation of oligodendrocyte differentiation; positive regulation of signaling receptor activity; positive regulation of smooth muscle cell proliferation; positive regulation of stem cell population maintenance; positive regulation of transcription by RNA polymerase II; protein deacetylation; regulation of amyloid-beta clearance; regulation of cell fate specification; regulation of endopeptidase activity; regulation of stem cell differentiation; regulation of transcription by RNA polymerase II",0.9893697500228882
3,"P08684","Homo sapiens (Human)","CHEMBL340","ENSG00000160868","CP3A4_HUMAN","Clinical Trial target","7KVS",-6.7,"Cytochrome P450 3A4","CYP3A4;CYP3A3","aflatoxin metabolic process; alkaloid catabolic process; androgen metabolic process; cholesterol metabolic process; estrogen metabolic process; heterocycle metabolic process; lipid hydroxylation; lipid metabolic process; long-chain fatty acid biosynthetic process; monoterpenoid metabolic process; oxidative demethylation; retinoic acid metabolic process; retinol metabolic process; steroid catabolic process; steroid metabolic process; vitamin D catabolic process; vitamin D metabolic process; xenobiotic catabolic process; xenobiotic metabolic process",0.9849793314933777
4,"Q9UBN7","Homo sapiens (Human)","CHEMBL1865","ENSG00000094631","HDAC6_HUMAN","Clinical Trial target","5KH3",-6.1,"Histone deacetylase 6","HDAC6;KIAA0901;JM21","aggresome assembly; autophagy; axonal transport of mitochondrion; cellular response to hydrogen peroxide; cellular response to misfolded protein; cellular response to parathyroid hormone stimulus; cellular response to topologically incorrect protein; cilium assembly; cilium disassembly; collateral sprouting; dendritic spine morphogenesis; epigenetic regulation of gene expression; histone deacetylation; Hsp90 deacetylation; intracellular protein transport; lysosome localization; negative regulation of axon extension involved in axon guidance; negative regulation of DNA-templated transcription; negative regulation of hydrogen peroxide metabolic process; negative regulation of microtubule depolymerization; negative regulation of oxidoreductase activity; negative regulation of protein acetylation; negative regulation of protein-containing complex assembly; negative regulation of protein-containing complex disassembly; negative regulation of proteolysis; negative regulation of transcription by RNA polymerase II; parkin-mediated stimulation of mitophagy in response to mitochondrial depolarization; peptidyl-lysine deacetylation; polyubiquitinated misfolded protein transport; positive regulation of cholangiocyte proliferation; positive regulation of dendrite morphogenesis; positive regulation of epithelial cell migration; positive regulation of hydrogen peroxide-mediated programmed cell death; positive regulation of oxidative stress-induced neuron death; positive regulation of peptidyl-serine phosphorylation; positive regulation of signaling receptor activity; positive regulation of synaptic transmission, glutamatergic; positive regulation of tubulin deacetylation; protein deacetylation; protein destabilization; protein polyubiquitination; protein quality control for misfolded or incompletely synthesized proteins; protein-containing complex disassembly; regulation of androgen receptor signaling pathway; regulation of autophagy; regulation of autophagy of mitochondrion; regulation of establishment of protein localization; regulation of fat cell differentiation; regulation of macroautophagy; regulation of microtubule-based movement; regulation of protein stability; response to amphetamine; response to corticosterone; response to dexamethasone; response to growth factor; response to immobilization stress; response to misfolded protein; tubulin deacetylation; ubiquitin-dependent protein catabolic process via the multivesicular body sorting pathway",0.9713620543479919
5,"Q9NPD5","Homo sapiens (Human)","CHEMBL1743121","ENSG00000111700;ENSG00000257046","SO1B3_HUMAN","Research target","Alphafold2",-8.1,"Solute carrier organic anion transporter family member 1B3","SLCO1B3;LST2;OATP1B3;OATP8;SLC21A8","bile acid and bile salt transport; heme catabolic process; monoatomic ion transport; negative regulation of peptidase activity; organic anion transport; sodium-independent organic anion transport; xenobiotic metabolic process",0.9651510119438171
6,"O95342","Homo sapiens (Human)","CHEMBL6020","ENSG00000073734","ABCBB_HUMAN","Research target","Alphafold2",-7.2,"Bile salt export pump","ABCB11;BSEP","bile acid and bile salt transport; bile acid biosynthetic process; bile acid metabolic process; bile acid signaling pathway; canalicular bile acid transport; cholesterol homeostasis; fatty acid metabolic process; lipid homeostasis; phospholipid homeostasis; positive regulation of bile acid secretion; protein ubiquitination; regulation of bile acid metabolic process; regulation of fatty acid beta-oxidation; regulation of gene expression; response to estrogen; response to ethanol; response to organic cyclic compound; response to oxidative stress; transmembrane transport; xenobiotic export from cell; xenobiotic metabolic process; xenobiotic transmembrane transport",0.9526762962341309
7,"Q9Y6L6","Homo sapiens (Human)","CHEMBL1697668","ENSG00000134538","SO1B1_HUMAN","Research target","Alphafold2",-6.6,"Solute carrier organic anion transporter family member 1B1","SLCO1B1;LST1;OATP1B1;OATP2;OATPC;SLC21A6","bile acid and bile salt transport; heme catabolic process; monoatomic ion transport; organic anion transport; sodium-independent organic anion transport; xenobiotic metabolic process",0.9347816705703735
8,"O15438","Homo sapiens (Human)","CHEMBL5918","ENSG00000108846","","","Alphafold2",-6.7,"Canalicular multispecific organic anion transporter 2","ABCC3;CMOAT2;MLP2;MRP3","bile acid and bile salt transport; leukotriene transport; transmembrane transport; transport across blood-brain barrier; xenobiotic metabolic process; xenobiotic transmembrane transport; xenobiotic transport",0.9026190042495728
9,"Q92769","Homo sapiens (Human)","CHEMBL1937","ENSG00000196591","HDAC2_HUMAN","Clinical Trial target","4LXZ",-6.3,"Histone deacetylase 2","HDAC2","behavioral response to ethanol; cardiac muscle hypertrophy; cellular response to dopamine; cellular response to heat; cellular response to hydrogen peroxide; cellular response to retinoic acid; cellular response to transforming growth factor beta stimulus; chromatin remodeling; circadian regulation of gene expression; dendrite development; embryonic digit morphogenesis; epidermal cell differentiation; eyelid development in camera-type eye; fungiform papilla formation; hair follicle placode formation; heterochromatin organization; histone deacetylation; histone H3 deacetylation; negative regulation of apoptotic process; negative regulation of cell migration; negative regulation of dendritic spine development; negative regulation of DNA binding; negative regulation of DNA-binding transcription factor activity; negative regulation of DNA-templated transcription; negative regulation of MHC class II biosynthetic process; negative regulation of neuron projection development; negative regulation of peptidyl-lysine acetylation; negative regulation of stem cell population maintenance; negative regulation of transcription by RNA polymerase II; negative regulation of transforming growth factor beta receptor signaling pathway; odontogenesis of dentin-containing tooth; positive regulation of cell population proliferation; positive regulation of collagen biosynthetic process; positive regulation of DNA-templated transcription; positive regulation of epithelial to mesenchymal transition; positive regulation of interleukin-1 production; positive regulation of male mating behavior; positive regulation of oligodendrocyte differentiation; positive regulation of proteolysis; positive regulation of signaling receptor activity; positive regulation of stem cell population maintenance; positive regulation of transcription by RNA polymerase II; positive regulation of tumor necrosis factor production; positive regulation of tyrosine phosphorylation of STAT protein; regulation of cell fate specification; regulation of stem cell differentiation; regulation of transcription by RNA polymerase II; response to amphetamine; response to caffeine; response to cocaine; response to hyperoxia; response to lipopolysaccharide; response to nicotine; response to xenobiotic stimulus",0.7466314435005188
10,"P11712","Homo sapiens (Human)","CHEMBL3397","ENSG00000138109","CP2C9_HUMAN","Successful target","1OG2",-6.6,"Cytochrome P450 2C9","CYP2C9;CYP2C10","amide metabolic process; cholesterol metabolic process; epoxygenase P450 pathway; estrogen metabolic process; icosanoid biosynthetic process; long-chain fatty acid biosynthetic process; monocarboxylic acid metabolic process; monoterpenoid metabolic process; omega-hydroxylase P450 pathway; oxidative demethylation; steroid metabolic process; urea metabolic process; xenobiotic catabolic process; xenobiotic metabolic process",0.034301165491342545
11,"P08183","Homo sapiens (Human)","CHEMBL4302","ENSG00000085563","MDR1_HUMAN","Successful target","Alphafold2",-7.0,"P-glycoprotein 1","ABCB1;MDR1;PGY1","carboxylic acid transmembrane transport; ceramide translocation; export across plasma membrane; G2/M transition of mitotic cell cycle; phospholipid translocation; positive regulation of anion channel activity; regulation of chloride transport; regulation of response to osmotic stress; response to xenobiotic stimulus; stem cell proliferation; terpenoid transport; transepithelial transport; transmembrane transport; transport across blood-brain barrier; xenobiotic detoxification by transmembrane export across the plasma membrane; xenobiotic metabolic process; xenobiotic transport across blood-brain barrier",0.030834941193461418
12,"O75173","Homo sapiens (Human)","CHEMBL2318","ENSG00000158859","ATS4_HUMAN","Patented target","4WKE",-8.2,"ADAMTS4","ADAMTS4;KIAA0688;UNQ769/PRO1563","extracellular matrix disassembly; extracellular matrix organization; proteolysis; skeletal system development",0.017363928258419037
13,"O43924","Homo sapiens (Human)","CHEMBL3860","ENSG00000156973","","","5X72",-10.2,"Phosphodiesterase 6D","PDE6D;PDED","response to stimulus; visual perception",0.01020626537501812
14,"Q92887","Homo sapiens (Human)","CHEMBL5748","ENSG00000023839","MRP2_HUMAN","Research target","Alphafold2",-7.3,"Canalicular multispecific organic anion transporter 1","ABCC2;CMOAT;CMOAT1;CMRP;MRP2","bile acid and bile salt transport; bilirubin transport; heme catabolic process; leukotriene transport; negative regulation of gene expression; transepithelial transport; transmembrane transport; transport across blood-brain barrier; xenobiotic export from cell; xenobiotic metabolic process; xenobiotic transmembrane transport; xenobiotic transport across blood-brain barrier",0.00784206110984087
15,"Q99500","Homo sapiens (Human)","CHEMBL3892","ENSG00000213694","S1PR3_HUMAN","Patented target","Alphafold2",-6.3,"Sphingosine 1-phosphate receptor Edg-3","S1PR3;C9orf108;C9orf47;EDG3","adenylate cyclase-inhibiting G protein-coupled receptor signaling pathway; anatomical structure morphogenesis; G protein-coupled receptor signaling pathway; inflammatory response; negative regulation of establishment of endothelial barrier; Notch signaling pathway; positive regulation of cell population proliferation; positive regulation of cytosolic calcium ion concentration; regulation of interleukin-1 beta production",0.004424169193953276
16,"P08253","Homo sapiens (Human)","CHEMBL333","ENSG00000087245","MMP2_HUMAN","Research target;Patented target;Successful target","1GEN",-7.9,"Matrix metalloproteinase-2","MMP2;CLG4A","aging; angiogenesis; blood vessel maturation; bone trabecula formation; cellular response to amino acid stimulus; cellular response to estradiol stimulus; cellular response to fluid shear stress; cellular response to interleukin-1; cellular response to reactive oxygen species; cellular response to UV-A; collagen catabolic process; embryo implantation; endodermal cell differentiation; ephrin receptor signaling pathway; extracellular matrix disassembly; extracellular matrix organization; face morphogenesis; heart development; intramembranous ossification; luteinization; macrophage chemotaxis; negative regulation of cell adhesion; negative regulation of vasoconstriction; ovarian follicle development; ovulation from ovarian follicle; parturition; peripheral nervous system axon regeneration; positive regulation of apoptotic process; positive regulation of cell migration; positive regulation of vascular associated smooth muscle cell proliferation; prostate gland epithelium morphogenesis; protein catabolic process; protein metabolic process; proteolysis; response to activity; response to amyloid-beta; response to electrical stimulus; response to estrogen; response to hydrogen peroxide; response to hyperoxia; response to hypoxia; response to mechanical stimulus; response to nicotine; response to retinoic acid; response to xenobiotic stimulus; tissue remodeling",0.003970955032855272
17,"P10635","Homo sapiens (Human)","CHEMBL289","ENSG00000100197","CP2D6_HUMAN","Successful target","4XRY",-7.6,"Cytochrome P450 2D6","CYP2D6;CYP2DL1","alkaloid catabolic process; alkaloid metabolic process; arachidonic acid metabolic process; cholesterol metabolic process; coumarin metabolic process; estrogen metabolic process; heterocycle metabolic process; isoquinoline alkaloid metabolic process; long-chain fatty acid biosynthetic process; monoterpenoid metabolic process; negative regulation of binding; negative regulation of cellular organofluorine metabolic process; oxidative demethylation; retinol metabolic process; steroid metabolic process; xenobiotic catabolic process; xenobiotic metabolic process",0.002877678954973817
18,"Q13393","Homo sapiens (Human)","CHEMBL2536","ENSG00000075651","PLD1_HUMAN","Patented target","6U8Z",-7.7,"Phospholipase D1","PLD1","chemotaxis; inositol lipid-mediated signaling; phosphatidic acid biosynthetic process; phospholipid catabolic process; positive regulation of translation; Ras protein signal transduction; regulation of microvillus assembly; regulation of synaptic vesicle cycle; regulation of vesicle-mediated transport; small GTPase mediated signal transduction",0.002352803247049451
19,"P08254","Homo sapiens (Human)","CHEMBL283","ENSG00000149968","MMP3_HUMAN","Research target;Patented target","1CAQ",-7.7,"Matrix metalloproteinase 3","MMP3;STMY1","cellular response to nitric oxide; cellular response to UV-A; collagen catabolic process; extracellular matrix disassembly; extracellular matrix organization; innate immune response; negative regulation of hydrogen peroxide metabolic process; positive regulation of oxidative stress-induced cell death; positive regulation of protein-containing complex assembly; proteolysis; regulation of neuroinflammatory response; response to amyloid-beta",0.0021224752999842167
20,"Q07002","Homo sapiens (Human)","CHEMBL5316","ENSG00000117266","CDK18_HUMAN","Research target","Alphafold2",-7.2,"Serine/threonine-protein kinase PCTAIRE-3","CDK18;PCTAIRE3;PCTK3","protein phosphorylation; regulation of transcription involved in G1/S transition of mitotic cell cycle",0.001446675742045045
21,"P42685","Homo sapiens (Human)","CHEMBL4223","ENSG00000111816","","","Alphafold2",-6.4,"Tyrosine-protein kinase FRK","FRK;PTK5;RAK","cell differentiation; innate immune response; negative regulation of transcription by RNA polymerase II; protein phosphorylation; transmembrane receptor protein tyrosine kinase signaling pathway",0.0013297118712216616
22,"P03956","Homo sapiens (Human)","CHEMBL332","ENSG00000196611","MMP1_HUMAN","Successful target","1CGL",-7.2,"Matrix metalloproteinase-1","MMP1;CLG","cellular response to UV-A; collagen catabolic process; extracellular matrix disassembly; extracellular matrix organization; positive regulation of protein-containing complex assembly; protein metabolic process; proteolysis",0.0012851934880018234
23,"P9WNP5","Mycobacterium tuberculosis (strain ATCC 25618 / H37Rv)","CHEMBL1275214","","","","4QIJ",-8.0,"1,4-Dihydroxy-2-naphthoyl-CoA synthase","menB;Rv0548c","menaquinone biosynthetic process; protein hexamerization",0.0008531647617928684
24,"P14780","Homo sapiens (Human)","CHEMBL321","ENSG00000100985","MMP9_HUMAN","Clinical Trial target;Patented target;Research target","2OW1",-8.1,"Matrix metalloproteinase 9","MMP9;CLG4B","apoptotic process; cell migration; cellular response to cadmium ion; cellular response to reactive oxygen species; cellular response to UV-A; collagen catabolic process; embryo implantation; endodermal cell differentiation; ephrin receptor signaling pathway; extracellular matrix disassembly; extracellular matrix organization; macrophage differentiation; negative regulation of apoptotic process; negative regulation of cation channel activity; negative regulation of cysteine-type endopeptidase activity involved in apoptotic signaling pathway; negative regulation of epithelial cell differentiation involved in kidney development; negative regulation of intrinsic apoptotic signaling pathway; positive regulation of apoptotic process; positive regulation of DNA binding; positive regulation of epidermal growth factor receptor signaling pathway; positive regulation of keratinocyte migration; positive regulation of protein phosphorylation; positive regulation of receptor binding; positive regulation of release of cytochrome c from mitochondria; positive regulation of vascular associated smooth muscle cell proliferation; proteolysis; regulation of neuroinflammatory response; response to amyloid-beta; skeletal system development",0.0008490332402288914
25,"P21453","Homo sapiens (Human)","CHEMBL4333","ENSG00000170989","S1PR1_HUMAN","Successful target","3V2W",-2.4,"Sphingosine 1-phosphate receptor Edg-1","S1PR1;CHEDG1;EDG1","actin cytoskeleton reorganization; adenylate cyclase-inhibiting G protein-coupled receptor signaling pathway; angiogenesis; blood vessel maturation; brain development; cardiac muscle tissue growth involved in heart morphogenesis; cell adhesion; cell migration; cell population proliferation; chemotaxis; endothelial cell differentiation; G protein-coupled receptor signaling pathway; heart trabecula morphogenesis; lamellipodium assembly; leukocyte chemotaxis; negative regulation of stress fiber assembly; neuron differentiation; positive regulation of cell migration; positive regulation of cytosolic calcium ion concentration involved in phospholipase C-activating G protein-coupled signaling pathway; positive regulation of GTPase activity; positive regulation of positive chemotaxis; positive regulation of smooth muscle cell proliferation; positive regulation of transcription by RNA polymerase II; regulation of bone mineralization; regulation of bone resorption; regulation of cell adhesion; sphingosine-1-phosphate receptor signaling pathway; T cell migration; transmission of nerve impulse",0.0006306036375463009
26,"P31153","Homo sapiens (Human)","CHEMBL3313835","ENSG00000168906","METK2_HUMAN","Clinical Trial target","5UGH",-10.0,"S-adenosylmethionine synthase isoform type-2","MAT2A;AMS2;MATA2","cellular response to leukemia inhibitory factor; one-carbon metabolic process; protein heterooligomerization; protein hexamerization; S-adenosylmethionine biosynthetic process",0.0005004670238122344
27,"P45452","Homo sapiens (Human)","CHEMBL280","ENSG00000137745","MMP13_HUMAN","Clinical Trial target","1XUR",-8.9,"Matrix metalloproteinase 13","MMP13","bone mineralization; bone morphogenesis; collagen catabolic process; endochondral ossification; extracellular matrix disassembly; extracellular matrix organization; growth plate cartilage development; proteolysis; response to amyloid-beta",0.0004795597633346915
28,"P19793","Homo sapiens (Human)","CHEMBL2061","ENSG00000186350","RXRA_HUMAN","Successful target","3H0A",-8.6,"Retinoid X receptor alpha","RXRA;NR2B1","anatomical structure development; cell differentiation; hormone-mediated signaling pathway; mRNA transcription by RNA polymerase II; negative regulation of transcription by RNA polymerase II; peroxisome proliferator activated receptor signaling pathway; positive regulation of bone mineralization; positive regulation of cholesterol efflux; positive regulation of DNA-templated transcription; positive regulation of thyroid hormone mediated signaling pathway; positive regulation of transcription by RNA polymerase II; positive regulation of transporter activity; positive regulation of vitamin D receptor signaling pathway; response to retinoic acid; retinoic acid receptor signaling pathway",0.00038911227602511644
29,"P22894","Homo sapiens (Human)","CHEMBL4588","ENSG00000118113","MMP8_HUMAN","Clinical Trial target","1JAO",-6.7,"Matrix metalloproteinase 8","MMP8;CLG1","collagen catabolic process; endodermal cell differentiation; extracellular matrix disassembly; extracellular matrix organization; negative regulation of gene expression; negative regulation of interleukin-10 production; positive regulation of DNA binding; positive regulation of gene expression; positive regulation of interleukin-6 production; positive regulation of JNK cascade; positive regulation of MAPK cascade; positive regulation of microglial cell activation; positive regulation of neuroinflammatory response; positive regulation of NIK/NF-kappaB signaling; positive regulation of nitric oxide biosynthetic process; positive regulation of reactive oxygen species biosynthetic process; positive regulation of tumor necrosis factor production; proteolysis; regulation of microglial cell activation; regulation of neuroinflammatory response",0.0002934374788310379
30,"Q15465","Homo sapiens (Human)","CHEMBL5602","ENSG00000164690","SHH_HUMAN","Research target","6PJV",-5.9,"Sonic hedgehog protein","SHH","alpha-beta T cell differentiation; alpha-tubulin acetylation; androgen metabolic process; animal organ formation; apoptotic signaling pathway; artery development; axon guidance; Bergmann glial cell differentiation; blood coagulation; branching involved in blood vessel morphogenesis; branching involved in salivary gland morphogenesis; branching involved in ureteric bud morphogenesis; branching morphogenesis of an epithelial tube; bud outgrowth involved in lung branching; camera-type eye development; canonical Wnt signaling pathway; CD4-positive or CD8-positive, alpha-beta T cell lineage commitment; cell development; cell fate specification; cell-cell signaling; cellular response to lithium ion; central nervous system development; cerebellar granule cell precursor proliferation; determination of left/right asymmetry in lateral mesoderm; dopaminergic neuron differentiation; dorsal/ventral neural tube patterning; dorsal/ventral pattern formation; ectoderm development; embryonic digestive tract morphogenesis; embryonic digit morphogenesis; embryonic foregut morphogenesis; embryonic forelimb morphogenesis; embryonic hindlimb morphogenesis; embryonic limb morphogenesis; embryonic pattern specification; embryonic skeletal system development; endocytosis; epithelial cell proliferation involved in prostate gland development; epithelial cell proliferation involved in salivary gland morphogenesis; epithelial-mesenchymal signaling involved in prostate gland development; establishment of epithelial cell polarity; forebrain development; formation of anatomical boundary; hair follicle morphogenesis; heart development; heart looping; hindbrain development; hindgut morphogenesis; inner ear development; intein-mediated protein splicing; intermediate filament organization; left lung development; limb bud formation; lung development; lung epithelium development; lung lobe morphogenesis; lung-associated mesenchyme development; lymphoid progenitor cell differentiation; male genitalia development; mesenchymal cell apoptotic process; mesenchymal cell proliferation involved in lung development; mesenchymal smoothened signaling pathway involved in prostate gland development; metanephric collecting duct development; metanephric mesenchymal cell proliferation involved in metanephros development; metanephros development; midbrain development; myoblast differentiation; negative regulation of alpha-beta T cell differentiation; negative regulation of apoptotic process; negative regulation of canonical Wnt signaling pathway; negative regulation of cell differentiation; negative regulation of cell migration; negative regulation of cholesterol efflux; negative regulation of dopaminergic neuron differentiation; negative regulation of gene expression; negative regulation of kidney smooth muscle cell differentiation; negative regulation of mesenchymal cell apoptotic process; negative regulation of proteasomal ubiquitin-dependent protein catabolic process; negative regulation of protein binding; negative regulation of T cell differentiation in thymus; negative regulation of T cell proliferation; negative regulation of transcription by RNA polymerase II; negative regulation of transcription elongation by RNA polymerase II; negative regulation of ureter smooth muscle cell differentiation; negative thymic T cell selection; neural crest cell migration; neuroblast proliferation; neuron fate commitment; odontogenesis of dentin-containing tooth; oligodendrocyte development; oligodendrocyte differentiation; osteoblast development; pancreas development; pattern specification process; polarity specification of anterior/posterior axis; positive regulation of alpha-beta T cell differentiation; positive regulation of astrocyte differentiation; positive regulation of cell division; positive regulation of cell population proliferation; positive regulation of DNA-templated transcription; positive regulation of epithelial cell proliferation involved in prostate gland development; positive regulation of gene expression; positive regulation of hh target transcription factor activity; positive regulation of immature T cell proliferation in thymus; positive regulation of kidney smooth muscle cell differentiation; positive regulation of mesenchymal cell proliferation involved in ureter development; positive regulation of neuroblast proliferation; positive regulation of oligodendrocyte differentiation; positive regulation of protein import into nucleus; positive regulation of sclerotome development; positive regulation of skeletal muscle cell proliferation; positive regulation of skeletal muscle tissue development; positive regulation of smoothened signaling pathway; positive regulation of striated muscle cell differentiation; positive regulation of T cell differentiation in thymus; positive regulation of transcription by RNA polymerase II; positive regulation of ureter smooth muscle cell differentiation; positive regulation of Wnt signaling pathway; positive thymic T cell selection; primary prostatic bud elongation; prostate epithelial cord elongation; prostate gland development; protein autoprocessing; protein import into nucleus; regulation of cell population proliferation; regulation of glial cell proliferation; regulation of mesenchymal cell proliferation involved in prostate gland development; regulation of nodal signaling pathway involved in determination of lateral mesoderm left/right asymmetry; regulation of odontogenesis; regulation of prostatic bud formation; regulation of protein localization to nucleus; regulation of proteolysis; regulation of stem cell proliferation; right lung development; roof of mouth development; salivary gland cavitation; self proteolysis; skeletal muscle cell proliferation; skeletal muscle fiber differentiation; smooth muscle tissue development; smoothened signaling pathway; smoothened signaling pathway involved in regulation of cerebellar granule cell precursor cell proliferation; somite development; spinal cord dorsal/ventral patterning; spinal cord motor neuron differentiation; stem cell development; stem cell proliferation; striated muscle tissue development; T cell differentiation in thymus; T cell proliferation; telencephalon regionalization; thalamus development; thymus development; thyroid gland development; trachea morphogenesis; tracheoesophageal septum formation; trunk neural crest cell migration; vasculogenesis; ventral midline development",0.0002436706272419542
31,"Q9ULZ9","Homo sapiens (Human)","CHEMBL2937","ENSG00000198598","MMP17_HUMAN","Research target","Alphafold2",-6.7,"Matrix metalloproteinase 17","MMP17;MT4MMP","collagen catabolic process; drinking behavior; extracellular matrix organization; kidney development; proteolysis",0.00021338625811040401
32,"Q9NS67","Homo sapiens (Human)","CHEMBL4523923","ENSG00000170837","","","Alphafold2",-7.1,"Probable G-protein coupled receptor 27","GPR27;SREB1","positive regulation of insulin secretion involved in cellular response to glucose stimulus; positive regulation of phospholipase C-activating G protein-coupled receptor signaling pathway; signal transduction",0.00021232137805782259
33,"P13726","Homo sapiens (Human)","CHEMBL4081","ENSG00000117525","TF_HUMAN","Clinical Trial target","1UJ3",-6.2,"Coagulation factor III","F3","activation of blood coagulation via clotting cascade; activation of cysteine-type endopeptidase activity involved in apoptotic process; activation of plasma proteins involved in acute inflammatory response; blood coagulation; blood coagulation, extrinsic pathway; blood coagulation, fibrin clot formation; blood coagulation, intrinsic pathway; positive regulation of angiogenesis; positive regulation of cell migration; positive regulation of endothelial cell proliferation; positive regulation of gene expression; positive regulation of interleukin-8 production; positive regulation of platelet-derived growth factor receptor signaling pathway; positive regulation of positive chemotaxis; positive regulation of protein kinase B signaling; protein processing; proteolysis; response to wounding",0.0001955752813955769
34,"P05198","Homo sapiens (Human)","CHEMBL1255131","ENSG00000134001","","","1KL9",-5.8,"Eukaryotic translation initiation factor 2 subunit 1","EIF2S1;EIF2A","aging; cellular response to amino acid starvation; cellular response to heat; cellular response to oxidative stress; cellular response to UV; negative regulation of guanyl-nucleotide exchange factor activity; negative regulation of translational initiation in response to stress; PERK-mediated unfolded protein response; positive regulation of neuron death; positive regulation of type B pancreatic cell apoptotic process; protein autophosphorylation; regulation of translation in response to endoplasmic reticulum stress; regulation of translational initiation in response to stress; response to endoplasmic reticulum stress; response to manganese-induced endoplasmic reticulum stress; stress granule assembly; translational initiation",0.00019513122970238328
35,"Q9H228","Homo sapiens (Human)","CHEMBL2274","ENSG00000180739","S1PR5_HUMAN","Clinical Trial target","Alphafold2",-6.6,"Sphingosine 1-phosphate receptor Edg-8","S1PR5;EDG8","regulation of neuron differentiation",0.00018429610645398498
36,"Q9NZJ5","Homo sapiens (Human)","CHEMBL6030","ENSG00000172071","E2AK3_HUMAN","Patented target;Research target","4G34",-7.7,"Eukaryotic translation initiation factor 2-alpha kinase 3","EIF2AK3;PEK;PERK","activation of cysteine-type endopeptidase activity involved in apoptotic process; angiogenesis; bone mineralization; calcium-mediated signaling; cellular response to amino acid starvation; cellular response to cold; cellular response to glucose starvation; chondrocyte development; eiF2alpha phosphorylation in response to endoplasmic reticulum stress; endocrine pancreas development; endoplasmic reticulum organization; endoplasmic reticulum unfolded protein response; ER overload response; insulin-like growth factor receptor signaling pathway; negative regulation of myelination; negative regulation of translation; negative regulation of translation in response to stress; negative regulation of translational initiation in response to stress; ossification; peptidyl-serine phosphorylation; PERK-mediated unfolded protein response; positive regulation of gene expression; positive regulation of protein localization to nucleus; positive regulation of transcription by RNA polymerase I; positive regulation of vascular endothelial growth factor production; protein autophosphorylation; protein phosphorylation; regulation of endoplasmic reticulum stress-induced eIF2 alpha phosphorylation; regulation of endoplasmic reticulum stress-induced intrinsic apoptotic signaling pathway; regulation of translational initiation by eIF2 alpha phosphorylation; response to endoplasmic reticulum stress; response to manganese-induced endoplasmic reticulum stress; skeletal system development",0.0001836472365539521
37,"Q8TDS5","Homo sapiens (Human)","CHEMBL1628461","","OXER1_HUMAN","Research target","Alphafold2",-5.9,"Oxoeicosanoid receptor 1","OXER1;GPR170;TG1019","adenylate cyclase-inhibiting G protein-coupled receptor signaling pathway; G protein-coupled receptor signaling pathway",0.00016949056589510292
38,"P14672","Homo sapiens (Human)","CHEMBL5874","ENSG00000181856","GLUT4_HUMAN","Clinical Trial target","Alphafold2",-6.4,"Solute carrier family 2, facilitated glucose transporter member 4","SLC2A4;GLUT4","amylopectin biosynthetic process; brown fat cell differentiation; carbohydrate metabolic process; cellular response to hypoxia; cellular response to insulin stimulus; cellular response to osmotic stress; cellular response to tumor necrosis factor; dehydroascorbic acid transport; glucose homeostasis; glucose import; glucose import in response to insulin stimulus; glucose transmembrane transport; learning or memory; long-term memory; positive regulation of brain-derived neurotrophic factor receptor signaling pathway; regulation of synaptic vesicle budding from presynaptic endocytic zone membrane; response to ethanol; short-term memory; transport across blood-brain barrier; white fat cell proliferation",0.00015840404375921935
39,"P39086","Homo sapiens (Human)","CHEMBL1918","ENSG00000171189","GRIK1_HUMAN","Successful target","2ZNT",-4.8,"Glutamate receptor ionotropic kainate 1","GRIK1;GLUR5","central nervous system development; chemical synaptic transmission; glutamate receptor signaling pathway; modulation of chemical synaptic transmission; nervous system development; regulation of synaptic transmission, glutamatergic; synaptic transmission, glutamatergic",0.00015660231292713434
40,"P55212","Homo sapiens (Human)","CHEMBL3308","ENSG00000138794","CASP6_HUMAN","Patented target;Research target","4NBK",-7.6,"Caspase-6","CASP6;MCH2","activation of cysteine-type endopeptidase activity; activation of innate immune response; apoptotic process; cellular response to staurosporine; epithelial cell differentiation; hepatocyte apoptotic process; intrinsic apoptotic signaling pathway by p53 class mediator; positive regulation of apoptotic process; positive regulation of necroptotic process; protein autoprocessing; proteolysis; pyroptosis; regulation of mitochondrial outer membrane permeabilization involved in apoptotic signaling pathway; regulation of programmed cell death",0.0001564108533784747
41,"P55157","Homo sapiens (Human)","CHEMBL2569","ENSG00000138823","MTP_HUMAN","Successful target","Alphafold2",-6.8,"Microsomal triglyceride transfer protein large subunit","MTTP;MTP","cholesterol homeostasis; chylomicron assembly; circadian rhythm; establishment of localization in cell; lipid metabolic process; lipoprotein metabolic process; lipoprotein transport; low-density lipoprotein particle remodeling; phospholipid transport; plasma lipoprotein particle assembly; protein lipidation; protein secretion; response to calcium ion; triglyceride metabolic process; triglyceride transport; very-low-density lipoprotein particle assembly",0.0001484985405113548
42,"O14939","Homo sapiens (Human)","CHEMBL2734","ENSG00000129219","PLD2_HUMAN","Clinical Trial target","6OHP",32.6,"Phospholipase D2","PLD2","cytoskeleton organization; Fc-gamma receptor signaling pathway involved in phagocytosis; inositol lipid-mediated signaling; phosphatidic acid biosynthetic process; phospholipid catabolic process; regulation of vesicle-mediated transport; small GTPase mediated signal transduction; synaptic vesicle recycling",0.00013932127330917865
43,"Q92794","Homo sapiens (Human)","CHEMBL3774298","ENSG00000083168","","","3V43",-6.7,"Histone acetyltransferase KAT6A","KAT6A;MOZ;MYST3;RUNXBP2;ZNF220","cellular senescence; chromosome organization; histone acetylation; myeloid cell differentiation; negative regulation of DNA-templated transcription; nucleosome assembly; positive regulation of DNA-templated transcription; positive regulation of gene expression; protein acetylation; regulation of developmental process; regulation of DNA-templated transcription; regulation of hemopoiesis; regulation of signal transduction by p53 class mediator",0.00013645531726069748
44,"P51677","Homo sapiens (Human)","CHEMBL3473","ENSG00000183625","CCR3_HUMAN","Discontinued target;Clinical Trial target","Alphafold2",-5.6,"C-C chemokine receptor type 3","CCR3;CMKBR3","adenylate cyclase-modulating G protein-coupled receptor signaling pathway; cell adhesion; cellular defense response; chemotaxis; immune response; inflammatory response; positive regulation of angiogenesis; positive regulation of cytosolic calcium ion concentration; positive regulation of endothelial cell proliferation",0.00013320402649696916
45,"P46059","Homo sapiens (Human)","CHEMBL4605","ENSG00000088386","S15A1_HUMAN","Research target","Alphafold2",-6.4,"Oligopeptide transporter small intestine isoform","SLC15A1;PEPT1","dipeptide import across plasma membrane; monoatomic ion transport; protein transport; tripeptide import across plasma membrane",0.00013242277782410383
46,"Q16850","Homo sapiens (Human)","CHEMBL3849","ENSG00000001630","CP51A_HUMAN","Clinical Trial target","4UHI",-9.1,"Cytochrome P450 51","CYP51A1;CYP51","cholesterol biosynthetic process; negative regulation of amyloid-beta clearance; negative regulation of protein catabolic process; negative regulation of protein secretion; steroid biosynthetic process; sterol metabolic process",0.00013014991418458521
47,"Q96GG9","Homo sapiens (Human)","CHEMBL4105838","ENSG00000043093","","","6BG5",-8.3,"DCN1-like protein 1","DCUN1D1;DCN1;DCUN1L1;RP42;SCCRO","positive regulation of protein neddylation; positive regulation of ubiquitin-protein transferase activity; protein neddylation; regulation of protein neddylation; regulation of protein ubiquitination",0.00010874716826947406
48,"P07148","Homo sapiens (Human)","CHEMBL5421","ENSG00000163586","FABPL_HUMAN","Successful target","6DRG",-9.8,"Fatty acid-binding protein, liver","FABP1;FABPL","cellular response to hydrogen peroxide; cellular response to hypoxia; fatty acid transport; intestinal absorption; negative regulation of apoptotic process; negative regulation of cysteine-type endopeptidase activity involved in apoptotic process; positive regulation of fatty acid beta-oxidation; positive regulation of hydrolase activity",7.869464752729982e-05
49,"Q13510","Homo sapiens (Human)","CHEMBL5463","ENSG00000104763","","","6MHM",-1.3,"Acid ceramidase","ASAH1;ASAH;HSD-33;HSD33","cellular response to tumor necrosis factor; ceramide biosynthetic process; ceramide catabolic process; fatty acid metabolic process; keratinocyte differentiation; negative regulation of nucleic acid-templated transcription; regulation of programmed necrotic cell death; regulation of steroid biosynthetic process; sphingosine biosynthetic process",7.371692481683567e-05
50,"Q9Y294","Homo sapiens (Human)","CHEMBL3392950","ENSG00000111875","","","7LNY",-5.8,"Histone chaperone ASF1A","ASF1A;CGI-98;HSPC146","DNA repair; DNA repair-dependent chromatin remodeling; DNA replication-dependent chromatin assembly; muscle cell differentiation; nucleosome assembly; osteoblast differentiation; replication fork processing",7.314469257835299e-05
51,"Q8N6T7","Homo sapiens (Human)","CHEMBL2163182","ENSG00000077463","","","6HOY",-7.5,"NAD-dependent protein deacetylase sirtuin-6","SIRT6;SIR2L6","base-excision repair; cardiac muscle cell differentiation; circadian regulation of gene expression; determination of adult lifespan; DNA repair-dependent chromatin remodeling; double-strand break repair; glucose homeostasis; histone deacetylation; ketone biosynthetic process; negative regulation of cell population proliferation; negative regulation of cellular senescence; negative regulation of gene expression, epigenetic; negative regulation of gluconeogenesis; negative regulation of glucose import; negative regulation of glycolytic process; negative regulation of protein import into nucleus; negative regulation of protein localization to chromatin; negative regulation of transcription by RNA polymerase II; negative regulation of transcription elongation by RNA polymerase II; pericentric heterochromatin formation; positive regulation of blood vessel branching; positive regulation of chondrocyte proliferation; positive regulation of cold-induced thermogenesis; positive regulation of double-strand break repair; positive regulation of fat cell differentiation; positive regulation of fibroblast proliferation; positive regulation of histone deacetylase activity; positive regulation of insulin secretion; positive regulation of protein export from nucleus; positive regulation of protein localization to chromatin; positive regulation of stem cell differentiation; positive regulation of stem cell population maintenance; positive regulation of stem cell proliferation; positive regulation of telomere maintenance; positive regulation of transcription factor catabolic process; positive regulation of vascular endothelial cell proliferation; protein deacetylation; protein delipidation; protein destabilization; protein localization to site of double-strand break; regulation of circadian rhythm; regulation of double-strand break repair via homologous recombination; regulation of lipid catabolic process; regulation of lipid metabolic process; regulation of protein localization to plasma membrane; regulation of protein secretion; response to UV; retrotransposon silencing; subtelomeric heterochromatin formation",6.954863056307659e-05
52,"A4D1B5","Homo sapiens (Human)","CHEMBL3638343","ENSG00000186088","","","Alphafold2",-6.5,"Gamma-secretase-activating protein","GSAP;PION","positive regulation of amyloid-beta formation; regulation of proteolysis",6.877972919028252e-05
53,"P60568","Homo sapiens (Human)","CHEMBL5880","ENSG00000109471","IL2_HUMAN","Successful target","1M48",-6.4,"Interleukin-2","IL2","activated T cell proliferation; adaptive immune response; cell adhesion; cell-cell signaling; extrinsic apoptotic signaling pathway in absence of ligand; immune response; interleukin-2-mediated signaling pathway; leukocyte activation involved in immune response; natural killer cell activation; negative regulation of apoptotic process; negative regulation of B cell apoptotic process; negative regulation of heart contraction; negative regulation of inflammatory response; negative regulation of lymphocyte proliferation; negative regulation of protein phosphorylation; negative regulation of T-helper 17 cell differentiation; positive regulation of activated T cell proliferation; positive regulation of B cell proliferation; positive regulation of cell growth; positive regulation of cell population proliferation; positive regulation of cytosolic calcium ion concentration; positive regulation of dendritic spine development; positive regulation of immunoglobulin production; positive regulation of inflammatory response; positive regulation of interleukin-17 production; positive regulation of isotype switching to IgG isotypes; positive regulation of plasma cell differentiation; positive regulation of regulatory T cell differentiation; positive regulation of tissue remodeling; positive regulation of transcription by RNA polymerase II; positive regulation of type II interferon production; positive regulation of tyrosine phosphorylation of STAT protein; protein kinase C-activating G protein-coupled receptor signaling pathway; regulation of CD4-positive, alpha-beta T cell proliferation; regulation of T cell homeostatic proliferation; response to ethanol; T cell differentiation; transcription by RNA polymerase II; tyrosine phosphorylation of STAT protein",6.704760016873479e-05
54,"P48058","Homo sapiens (Human)","CHEMBL3190","ENSG00000152578","GRIA4_HUMAN","Successful target","Alphafold2",-7.1,"Glutamate receptor ionotropic, AMPA 4","GRIA4;GLUR4","glutamate receptor signaling pathway; modulation of chemical synaptic transmission; negative regulation of smooth muscle cell apoptotic process; synaptic transmission, glutamatergic",6.332272459985688e-05
55,"Q9H237","Homo sapiens (Human)","CHEMBL1255163","ENSG00000102312","PORCN_HUMAN","Clinical Trial target","Alphafold2",-7.5,"Probable protein-cysteine N-palmitoyltransferase porcupine","PORCN;MG61;PORC;PPN","glycoprotein metabolic process; lipid modification; protein lipidation; protein palmitoleylation; protein palmitoylation; regulation of postsynaptic membrane neurotransmitter receptor levels; Wnt protein secretion; Wnt signaling pathway",6.0038946685381234e-05
56,"O00220","Homo sapiens (Human)","CHEMBL3551","ENSG00000104689","TR10A_HUMAN","Clinical Trial target","5CIR",-4.6,"TRAIL receptor-1","TNFRSF10A;APO2;DR4;TRAILR1","activation of NF-kappaB-inducing kinase activity; apoptotic process; cellular response to mechanical stimulus; extrinsic apoptotic signaling pathway; extrinsic apoptotic signaling pathway via death domain receptors; positive regulation of apoptotic process; signal transduction; TRAIL-activated apoptotic signaling pathway",5.853050606674515e-05
57,"Q9UI42","Homo sapiens (Human)","CHEMBL2644","ENSG00000128510","","","2PCU",-6.4,"Carboxypeptidase A4","CPA4;CPA3;UNQ694/PRO1339","histone acetylation; proteolysis",5.680554750142619e-05
58,"Q495T6","Homo sapiens (Human)","CHEMBL3638356","ENSG00000142606","","","Alphafold2",-6.8,"Membrane metallo-endopeptidase-like 1","MMEL1;MELL1;MMEL2;NEP2","protein processing; proteolysis",5.306151433615014e-05
59,"Q9NQ90","Homo sapiens (Human)","CHEMBL4105767","ENSG00000047617","","","Alphafold2",-8.6,"Anoctamin-2","ANO2;C12orf3;TMEM16B","chloride transmembrane transport; monoatomic ion transmembrane transport",5.257149678072892e-05
60,"Q9BYF1","Homo sapiens (Human)","CHEMBL3736","ENSG00000130234","ACE2_HUMAN","Clinical Trial target","7DX8",-5.2,"Angiotensin-converting enzyme 2","ACE2;UNQ868/PRO1885","angiotensin maturation; angiotensin-mediated drinking behavior; blood vessel diameter maintenance; maternal process involved in female pregnancy; membrane fusion; negative regulation of ERK1 and ERK2 cascade; negative regulation of signaling receptor activity; negative regulation of smooth muscle cell proliferation; positive regulation of amino acid transport; positive regulation of cardiac muscle contraction; positive regulation of gap junction assembly; positive regulation of L-proline import across plasma membrane; positive regulation of reactive oxygen species metabolic process; receptor-mediated endocytosis of virus by host cell; receptor-mediated virion attachment to host cell; regulation of cardiac conduction; regulation of cell population proliferation; regulation of cytokine production; regulation of inflammatory response; regulation of systemic arterial blood pressure by renin-angiotensin; regulation of transmembrane transporter activity; regulation of vasoconstriction; tryptophan transport; viral entry into host cell; viral life cycle",4.9571095587452874e-05
61,"Q9UDY8","Homo sapiens (Human)","CHEMBL3632452","ENSG00000172175","MALT1_HUMAN","Clinical Trial target","6H4A",-7.1,"Mucosa-associated lymphoid tissue lymphoma translocation protein 1","MALT1;MLT","activation of NF-kappaB-inducing kinase activity; B cell activation; B-1 B cell differentiation; defense response; innate immune response; lipopolysaccharide-mediated signaling pathway; negative regulation of apoptotic process; nuclear export; positive regulation of cysteine-type endopeptidase activity involved in apoptotic process; positive regulation of I-kappaB kinase/NF-kappaB signaling; positive regulation of interleukin-1 beta production; positive regulation of interleukin-2 production; positive regulation of NF-kappaB transcription factor activity; positive regulation of protein ubiquitination; positive regulation of T cell cytokine production; positive regulation of T-helper 17 cell differentiation; proteolysis; proteolysis involved in protein catabolic process; regulation of apoptotic process; regulation of T cell receptor signaling pathway; response to fungus; T cell proliferation; T cell receptor signaling pathway",4.8128018534043804e-05
62,"P55058","Homo sapiens (Human)","CHEMBL5962","ENSG00000100979","PLTP_HUMAN","Research target","Alphafold2",-9.9,"Phospholipid transfer protein","PLTP","ceramide transport; flagellated sperm motility; glycolipid transport; high-density lipoprotein particle remodeling; lipid metabolic process; lipid transport; phospholipid transport; positive regulation of cholesterol efflux; vitamin E biosynthetic process",4.2881063563982025e-05
63,"Q02224","Homo sapiens (Human)","CHEMBL5870","ENSG00000138778","CENPE_HUMAN","Research target","1T5C",-6.8,"Centromere-associated protein E","CENPE","attachment of mitotic spindle microtubules to kinetochore; cell division; chromosome segregation; kinetochore assembly; lateral attachment of mitotic spindle microtubules to kinetochore; metaphase plate congression; microtubule plus-end directed mitotic chromosome migration; microtubule-based movement; mitotic cell cycle; mitotic chromosome movement towards spindle pole; mitotic metaphase plate congression; mitotic spindle organization; positive regulation of protein kinase activity; regulation of mitotic metaphase/anaphase transition",4.115069896215573e-05
64,"Q9Y3Q0","Homo sapiens (Human)","CHEMBL2609","ENSG00000077616","NALD2_HUMAN","Research target","3FED",-8.8,"NAALADase II","NAALAD2","proteolysis",4.110904410481453e-05
65,"P46531","Homo sapiens (Human)","CHEMBL2146346","ENSG00000148400","NOTC1_HUMAN","Clinical Trial target","3L95",-7.1,"Neurogenic locus notch homolog protein 1","NOTCH1;TAN1","animal organ regeneration; aortic valve morphogenesis; apoptotic process involved in embryonic digit morphogenesis; arterial endothelial cell differentiation; astrocyte differentiation; atrioventricular node development; atrioventricular valve morphogenesis; auditory receptor cell fate commitment; axon guidance; branching morphogenesis of an epithelial tube; calcium-ion regulated exocytosis; cardiac atrium morphogenesis; cardiac chamber formation; cardiac epithelial to mesenchymal transition; cardiac left ventricle morphogenesis; cardiac muscle cell myoblast differentiation; cardiac muscle cell proliferation; cardiac muscle tissue morphogenesis; cardiac right atrium morphogenesis; cardiac right ventricle formation; cardiac septum morphogenesis; cardiac vascular smooth muscle cell development; cardiac ventricle morphogenesis; cell differentiation in spinal cord; cell migration involved in endocardial cushion formation; cellular response to follicle-stimulating hormone stimulus; cellular response to hypoxia; cellular response to tumor cell; cellular response to vascular endothelial growth factor stimulus; cilium assembly; collecting duct development; compartment pattern specification; coronary artery morphogenesis; coronary sinus valve morphogenesis; coronary vein morphogenesis; determination of left/right symmetry; distal tubule development; embryonic hindlimb morphogenesis; endocardial cell differentiation; endocardial cushion morphogenesis; endocardium development; endocardium morphogenesis; endoderm development; epidermal cell fate specification; epithelial cell fate commitment; epithelial cell proliferation; epithelial to mesenchymal transition; epithelial to mesenchymal transition involved in endocardial cushion formation; forebrain development; foregut morphogenesis; glomerular mesangial cell development; growth involved in heart morphogenesis; hair follicle morphogenesis; heart development; heart looping; heart trabecula morphogenesis; homeostasis of number of cells within a tissue; humoral immune response; immune response; in utero embryonic development; inflammatory response to antigenic stimulus; inhibition of neuroepithelial cell differentiation; interleukin-17-mediated signaling pathway; keratinocyte differentiation; left/right axis specification; liver development; lung development; luteolysis; mesenchymal cell development; mitral valve formation; negative regulation of anoikis; negative regulation of biomineral tissue development; negative regulation of BMP signaling pathway; negative regulation of calcium ion-dependent exocytosis; negative regulation of canonical Wnt signaling pathway; negative regulation of cardiac muscle hypertrophy; negative regulation of catalytic activity; negative regulation of cell adhesion molecule production; negative regulation of cell migration involved in sprouting angiogenesis; negative regulation of cell population proliferation; negative regulation of cell proliferation involved in heart valve morphogenesis; negative regulation of cell-cell adhesion mediated by cadherin; negative regulation of cell-substrate adhesion; negative regulation of cold-induced thermogenesis; negative regulation of collagen biosynthetic process; negative regulation of DNA-templated transcription; negative regulation of endothelial cell chemotaxis; negative regulation of epithelial cell proliferation; negative regulation of extracellular matrix constituent secretion; negative regulation of gene expression; negative regulation of glial cell proliferation; negative regulation of inner ear auditory receptor cell differentiation; negative regulation of myoblast differentiation; negative regulation of myotube differentiation; negative regulation of neurogenesis; negative regulation of oligodendrocyte differentiation; negative regulation of ossification; negative regulation of osteoblast differentiation; negative regulation of photoreceptor cell differentiation; negative regulation of pro-B cell differentiation; negative regulation of stem cell differentiation; negative regulation of transcription by RNA polymerase II; neural tube development; neuroendocrine cell differentiation; neuronal stem cell population maintenance; Notch signaling involved in heart development; Notch signaling pathway; Notch signaling pathway involved in regulation of secondary heart field cardioblast proliferation; oligodendrocyte differentiation; outflow tract morphogenesis; pericardium morphogenesis; positive regulation of aorta morphogenesis; positive regulation of apoptotic process involved in morphogenesis; positive regulation of astrocyte differentiation; positive regulation of BMP signaling pathway; positive regulation of cardiac epithelial to mesenchymal transition; positive regulation of cardiac muscle cell proliferation; positive regulation of cell migration; positive regulation of cell population proliferation; positive regulation of DNA-templated transcription; positive regulation of endothelial cell differentiation; positive regulation of epithelial cell proliferation; positive regulation of ERK1 and ERK2 cascade; positive regulation of gene expression; positive regulation of keratinocyte differentiation; positive regulation of neuroblast proliferation; positive regulation of Notch signaling pathway; positive regulation of Ras protein signal transduction; positive regulation of receptor signaling pathway via JAK-STAT; positive regulation of transcription by RNA polymerase II; positive regulation of transcription of Notch receptor target; positive regulation of viral genome replication; prostate gland epithelium morphogenesis; protein catabolic process; protein import into nucleus; pulmonary valve morphogenesis; regulation of DNA-templated transcription; regulation of epithelial cell proliferation involved in prostate gland development; regulation of extracellular matrix assembly; regulation of somitogenesis; regulation of stem cell proliferation; regulation of transcription by RNA polymerase II; response to corticosteroid; response to lipopolysaccharide; response to muramyl dipeptide; retinal cone cell differentiation; secretory columnal luminar epithelial cell differentiation involved in prostate glandular acinus development; skeletal muscle cell differentiation; somatic stem cell division; spermatogenesis; sprouting angiogenesis; T-helper 17 type immune response; tissue regeneration; transcription by RNA polymerase II; tube formation; vasculogenesis involved in coronary vascular morphogenesis; venous endothelial cell differentiation; ventricular septum morphogenesis; ventricular trabecula myocardium morphogenesis",3.881337397615425e-05
66,"O00429","Homo sapiens (Human)","CHEMBL4523118","ENSG00000087470","","","3W6N",-6.6,"Dynamin-1-like protein","DNM1L;DLP1;DRP1","calcium ion transport; endocytosis; heart contraction; intracellular distribution of mitochondria; localization; membrane fusion; mitochondrial fission; mitochondrial fragmentation involved in apoptotic process; mitochondrial membrane fission; mitochondrion morphogenesis; mitochondrion organization; mitocytosis; necroptotic process; peroxisome fission; positive regulation of apoptotic process; positive regulation of intrinsic apoptotic signaling pathway; positive regulation of mitochondrial fission; positive regulation of neutrophil chemotaxis; positive regulation of protein secretion; positive regulation of release of cytochrome c from mitochondria; protein complex oligomerization; protein localization to mitochondrion; protein-containing complex assembly; regulation of ATP metabolic process; regulation of autophagy of mitochondrion; regulation of gene expression; regulation of mitochondrion organization; regulation of peroxisome organization; regulation of ubiquitin protein ligase activity; release of cytochrome c from mitochondria; rhythmic process",3.831298090517521e-05
67,"Q9NP77","Homo sapiens (Human)","CHEMBL3317331","ENSG00000160075","","","3O2S",-6.0,"RNA polymerase II subunit A C-terminal domain phosphatase SSU72","SSU72;HSPC182;PNAS-120","mRNA polyadenylation; termination of RNA polymerase II transcription",3.393052611500025e-05
68,"P09237","Homo sapiens (Human)","CHEMBL4073","ENSG00000137673","MMP7_HUMAN","Successful target","2Y6D",-7.7,"Matrix metalloproteinase 7","MMP7;MPSL1;PUMP1","collagen catabolic process; extracellular matrix disassembly; extracellular matrix organization; membrane protein ectodomain proteolysis; membrane protein intracellular domain proteolysis; positive regulation of cell migration; proteolysis",3.035302142961882e-05
69,"Q6UVM3","Homo sapiens (Human)","CHEMBL4739693","ENSG00000162687","KCNT2_HUMAN","Clinical Trial target","Alphafold2",-6.5,"Potassium channel subfamily T member 2","KCNT2;SLICK","potassium ion export across plasma membrane",2.97113110718783e-05
70,"Q9UKU6","Homo sapiens (Human)","CHEMBL3886123","","","","Alphafold2",-6.5,"Thyrotropin-releasing hormone-degrading ectoenzyme","TRHDE;UNQ2507/PRO5995","cell-cell signaling; peptide catabolic process; proteolysis; signal transduction",2.7932013836107217e-05
71,"Q9UBZ9","Homo sapiens (Human)","CHEMBL4295973","ENSG00000135945","","","2N1G",-5.6,"DNA repair protein REV1","REV1;REV1L","DNA replication; error-free translesion synthesis; error-prone translesion synthesis; response to UV",2.760236748144962e-05
72,"P35222","Homo sapiens (Human)","CHEMBL5866","ENSG00000168036","CTNB1_HUMAN","Successful target","4DJS",-6.5,"Catenin beta-1","CTNNB1;CTNNB;OK/SW-cl.35;PRO2286","acinar cell differentiation; adherens junction assembly; anterior/posterior axis specification; apoptotic signaling pathway; astrocyte-dopaminergic neuron signaling; bone resorption; branching involved in blood vessel morphogenesis; branching involved in ureteric bud morphogenesis; canonical Wnt signaling pathway; canonical Wnt signaling pathway involved in mesenchymal stem cell differentiation; canonical Wnt signaling pathway involved in midbrain dopaminergic neuron differentiation; canonical Wnt signaling pathway involved in negative regulation of apoptotic process; canonical Wnt signaling pathway involved in osteoblast differentiation; canonical Wnt signaling pathway involved in positive regulation of cardiac outflow tract cell proliferation; canonical Wnt signaling pathway involved in positive regulation of epithelial to mesenchymal transition; cell adhesion; cell fate specification; cell maturation; cell morphogenesis involved in differentiation; cell-cell adhesion; cell-matrix adhesion; cellular response to growth factor stimulus; cellular response to indole-3-methanol; central nervous system vasculogenesis; chemical synaptic transmission; chondrocyte differentiation; cranial ganglion development; cranial skeletal system development; detection of muscle stretch; dorsal root ganglion development; dorsal/ventral axis specification; ectoderm development; embryonic axis specification; embryonic brain development; embryonic digit morphogenesis; embryonic foregut morphogenesis; embryonic forelimb morphogenesis; embryonic heart tube development; embryonic hindlimb morphogenesis; embryonic skeletal limb joint morphogenesis; endodermal cell fate commitment; endothelial tube morphogenesis; epithelial cell differentiation involved in prostate gland development; epithelial cell proliferation involved in prostate gland development; epithelial to mesenchymal transition; epithelial tube branching involved in lung morphogenesis; establishment of blood-brain barrier; establishment of blood-retinal barrier; fibroblast growth factor receptor signaling pathway; fungiform papilla formation; gastrulation with mouth forming second; genitalia morphogenesis; glial cell fate determination; hair cell differentiation; hair follicle morphogenesis; hair follicle placode formation; hindbrain development; hypothalamus development; I-kappaB kinase/NF-kappaB signaling; in utero embryonic development; layer formation in cerebral cortex; lens morphogenesis in camera-type eye; lung epithelial cell differentiation; lung induction; lung-associated mesenchyme development; male genitalia development; MAPK cascade; mesenchymal cell proliferation involved in lung development; mesenchymal stem cell differentiation; metanephros morphogenesis; midbrain dopaminergic neuron differentiation; myoblast proliferation; negative regulation of angiogenesis; negative regulation of apoptotic process; negative regulation of apoptotic signaling pathway; negative regulation of canonical Wnt signaling pathway; negative regulation of cell population proliferation; negative regulation of chondrocyte differentiation; negative regulation of DNA-templated transcription; negative regulation of gene expression; negative regulation of mesenchymal to epithelial transition involved in metanephros morphogenesis; negative regulation of mitotic cell cycle, embryonic; negative regulation of neuron apoptotic process; negative regulation of oligodendrocyte differentiation; negative regulation of osteoclast differentiation; negative regulation of oxidative stress-induced neuron death; negative regulation of protein sumoylation; negative regulation of transcription by RNA polymerase II; nephron tubule formation; neural plate development; neuroblast proliferation; neuron fate determination; neuron migration; neuron projection extension; odontogenesis of dentin-containing tooth; oligodendrocyte differentiation; oocyte development; osteoclast differentiation; oviduct development; pancreas development; positive regulation of apoptotic process; positive regulation of branching involved in lung morphogenesis; positive regulation of cell differentiation; positive regulation of core promoter binding; positive regulation of determination of dorsal identity; positive regulation of DNA-binding transcription factor activity; positive regulation of DNA-templated transcription; positive regulation of endothelial cell differentiation; positive regulation of epithelial cell proliferation involved in prostate gland development; positive regulation of epithelial to mesenchymal transition; positive regulation of fibroblast growth factor receptor signaling pathway; positive regulation of gene expression; positive regulation of heparan sulfate proteoglycan biosynthetic process; positive regulation of histone H3-K4 methylation; positive regulation of I-kappaB kinase/NF-kappaB signaling; positive regulation of MAPK cascade; positive regulation of mesenchymal cell proliferation; positive regulation of myoblast proliferation; positive regulation of neuroblast proliferation; positive regulation of neuron apoptotic process; positive regulation of osteoblast differentiation; positive regulation of skeletal muscle tissue development; positive regulation of stem cell proliferation; positive regulation of telomerase activity; positive regulation of telomere maintenance via telomerase; positive regulation of transcription by RNA polymerase II; positive regulation of transcription elongation by RNA polymerase II; proteasome-mediated ubiquitin-dependent protein catabolic process; protein localization to cell surface; protein polyubiquitination; proximal/distal pattern formation; regulation of angiogenesis; regulation of calcium ion import; regulation of centriole-centriole cohesion; regulation of centromeric sister chromatid cohesion; regulation of fibroblast proliferation; regulation of myelination; regulation of nephron tubule epithelial cell differentiation; regulation of neurogenesis; regulation of protein localization to cell surface; regulation of protein ubiquitination; regulation of secondary heart field cardioblast proliferation; regulation of smooth muscle cell proliferation; regulation of synapse assembly; regulation of T cell proliferation; regulation of timing of anagen; renal inner medulla development; renal outer medulla development; renal vesicle formation; response to estradiol; response to xenobiotic stimulus; smooth muscle cell differentiation; stem cell population maintenance; stem cell proliferation; sympathetic ganglion development; synapse organization; synaptic vesicle clustering; synaptic vesicle transport; T cell differentiation in thymus; thymus development; trachea formation; transcription by RNA polymerase II",2.7389187380322255e-05
73,"Q9BRH5","Homo sapiens (Human)","CHEMBL3638325","","","","Alphafold2",-6.6,"DGAT1 protein","DGAT1","triglyceride biosynthetic process",2.3398415578412823e-05
74,"P48066","Homo sapiens (Human)","CHEMBL5208","ENSG00000132164","S6A11_HUMAN","Research target;Clinical Trial target","Alphafold2",-6.5,"GABA transporter 3","SLC6A11;GABT3;GAT3","brain development; gamma-aminobutyric acid reuptake; monocarboxylic acid transport; response to xenobiotic stimulus; sodium ion transmembrane transport",2.332095755264163e-05
75,"P16109","Homo sapiens (Human)","CHEMBL5378","","LYAM3_HUMAN","Successful target","1G1S",-6.8,"P-selectin","SELP;GMRP;GRMP","calcium-dependent cell-cell adhesion via plasma membrane cell adhesion molecules; calcium-mediated signaling using intracellular calcium source; cell adhesion; defense response to Gram-negative bacterium; heterophilic cell-cell adhesion via plasma membrane cell adhesion molecules; inflammatory response; leukocyte cell-cell adhesion; leukocyte tethering or rolling; positive regulation of leukocyte migration; positive regulation of leukocyte tethering or rolling; positive regulation of phosphatidylinositol 3-kinase signaling; positive regulation of platelet activation; regulation of integrin activation; response to cytokine; response to lipopolysaccharide",2.293181387358345e-05
76,"Q9NZ08","Homo sapiens (Human)","CHEMBL5939","ENSG00000164307","ERAP1_HUMAN","Research target","2YD0",-6.9,"Endoplasmic reticulum aminopeptidase 1","ERAP1;APPILS;ARTS1;KIAA0525;UNQ584/PRO1154","adaptive immune response; angiogenesis; antigen processing and presentation of endogenous peptide antigen via MHC class I; antigen processing and presentation of peptide antigen via MHC class I; fat cell differentiation; membrane protein ectodomain proteolysis; peptide catabolic process; positive regulation of angiogenesis; proteolysis; regulation of blood pressure; regulation of innate immune response; response to bacterium",2.1292864403221756e-05
77,"P09601","Homo sapiens (Human)","CHEMBL2823","ENSG00000100292","HMOX1_HUMAN","Clinical Trial target","1TWR",-6.4,"Heme oxygenase 1","HMOX1;HO;HO1","angiogenesis; cellular response to arsenic-containing substance; cellular response to cadmium ion; cellular response to cisplatin; cellular response to heat; cellular response to hypoxia; cellular response to nutrient; endothelial cell proliferation; epithelial cell apoptotic process; erythrocyte homeostasis; heme catabolic process; heme oxidation; intracellular iron ion homeostasis; intracellular signal transduction; intrinsic apoptotic signaling pathway in response to DNA damage; liver regeneration; low-density lipoprotein particle clearance; macroautophagy; multicellular organismal-level iron ion homeostasis; negative regulation of DNA binding; negative regulation of DNA-binding transcription factor activity; negative regulation of epithelial cell apoptotic process; negative regulation of extrinsic apoptotic signaling pathway via death domain receptors; negative regulation of leukocyte migration; negative regulation of macroautophagy; negative regulation of mast cell cytokine production; negative regulation of mast cell degranulation; negative regulation of muscle cell apoptotic process; negative regulation of neuron apoptotic process; negative regulation of smooth muscle cell proliferation; negative regulation of vascular associated smooth muscle cell proliferation; positive regulation of angiogenesis; positive regulation of blood vessel endothelial cell proliferation involved in sprouting angiogenesis; positive regulation of cell migration involved in sprouting angiogenesis; positive regulation of chemokine production; positive regulation of epithelial cell apoptotic process; positive regulation of I-kappaB kinase/NF-kappaB signaling; positive regulation of macroautophagy; positive regulation of smooth muscle cell proliferation; regulation of angiogenesis; regulation of blood pressure; regulation of DNA-binding transcription factor activity; regulation of transcription from RNA polymerase II promoter in response to iron; regulation of transcription from RNA polymerase II promoter in response to oxidative stress; response to estrogen; response to hydrogen peroxide; response to nicotine; response to oxidative stress; response to xenobiotic stimulus; small GTPase mediated signal transduction; smooth muscle hyperplasia; wound healing involved in inflammatory response",2.0271711036912166e-05
78,"P15085","Homo sapiens (Human)","CHEMBL2088","ENSG00000091704","CBPA1_HUMAN","Research target","2V77",-7.2,"Carboxypeptidase A1","CPA1;CPA","leukotriene metabolic process; proteolysis; proteolysis involved in protein catabolic process; response to cadmium ion",1.9808076103799976e-05
79,"O00115","Homo sapiens (Human)","CHEMBL1250342","ENSG00000105612","","","Alphafold2",-6.0,"Deoxyribonuclease-2-alpha","DNASE2;DNASE2A;DNL2","apoptotic DNA fragmentation; DNA metabolic process; enucleate erythrocyte differentiation; regulation of immune response",1.9196020730305463e-05
80,"P34896","Homo sapiens (Human)","CHEMBL1772927","ENSG00000176974","","","1BJ4",-5.9,"Serine hydroxymethyltransferase, cytosolic","SHMT1","cellular response to leukemia inhibitory factor; cellular response to tetrahydrofolate; dTMP biosynthetic process; folic acid metabolic process; glycine biosynthetic process from serine; glycine metabolic process; L-serine catabolic process; L-serine metabolic process; negative regulation of translation; protein homotetramerization; purine nucleobase biosynthetic process; tetrahydrofolate interconversion; tetrahydrofolate metabolic process",1.839514879975468e-05
81,"Q04721","Homo sapiens (Human)","CHEMBL3407320","ENSG00000134250","NOTC2_HUMAN","Clinical Trial target","2OO4",-6.7,"Neurogenic locus notch homolog protein 2","NOTCH2","activation of protein kinase B activity; animal organ morphogenesis; apoptotic process; atrial septum morphogenesis; atrioventricular node development; axon guidance; BMP signaling pathway; bone remodeling; cell fate determination; cellular response to tumor cell; cholangiocyte proliferation; ciliary body morphogenesis; defense response to bacterium; embryonic limb morphogenesis; glomerular capillary formation; heart looping; hemopoiesis; hepatocyte proliferation; humoral immune response; in utero embryonic development; inflammatory response to antigenic stimulus; intracellular signal transduction; intrahepatic bile duct development; left/right axis specification; marginal zone B cell differentiation; morphogenesis of an epithelial sheet; multicellular organism growth; myeloid dendritic cell differentiation; negative regulation of apoptotic process; negative regulation of gene expression; negative regulation of transcription by RNA polymerase II; nervous system development; Notch signaling involved in heart development; Notch signaling pathway; placenta blood vessel development; podocyte development; positive regulation of apoptotic process; positive regulation of BMP signaling pathway; positive regulation of ERK1 and ERK2 cascade; positive regulation of keratinocyte proliferation; positive regulation of osteoclast differentiation; positive regulation of Ras protein signal transduction; proximal tubule development; pulmonary valve morphogenesis; regulation of osteoclast development; wound healing",1.7265607311856e-05
82,"Q9NSD9","Homo sapiens (Human)","CHEMBL4105969","ENSG00000116120","","","4P74",-7.8,"Phenylalanine--tRNA ligase beta subunit","FARSB;FARSLB;FRSB;HSPC173","phenylalanyl-tRNA aminoacylation; protein heterotetramerization; translation",1.707981209619902e-05
83,"Q9NPC2","Homo sapiens (Human)","CHEMBL2321614","ENSG00000169427","KCNK9_HUMAN","Research target","Alphafold2",-6.4,"Potassium channel subfamily K member 9","KCNK9;TASK3","potassium ion import across plasma membrane; potassium ion transmembrane transport; potassium ion transport; stabilization of membrane potential",1.6488675100845285e-05
84,"P49721","Homo sapiens (Human)","CHEMBL3492","ENSG00000126067","","","6REY",-6.2,"Proteasome Macropain subunit","PSMB2","proteasome-mediated ubiquitin-dependent protein catabolic process; response to organic cyclic compound; response to organonitrogen compound",1.627021083550062e-05
85,"Q9P1Z3","Homo sapiens (Human)","CHEMBL1795173","ENSG00000143630","","","Alphafold2",-7.5,"Potassium/sodium hyperpolarization-activated cyclic nucleotide-gated channel 3","HCN3;KIAA1535","cellular response to cAMP; cellular response to dopamine; potassium ion transmembrane transport; regulation of cation channel activity; regulation of heart rate by cardiac conduction; regulation of membrane depolarization; regulation of membrane potential; regulation of SA node cell action potential; response to cisplatin; sodium ion transmembrane transport",1.5992891349014826e-05
86,"Q5XXA6","Homo sapiens (Human)","CHEMBL2046267","ENSG00000131620","ANO1_HUMAN","Successful target","Alphafold2",-7.7,"Anoctamin-1","ANO1;DOG1;ORAOV2;TAOS2;TMEM16A","cellular response to heat; cellular response to peptide; chloride transmembrane transport; chloride transport; detection of temperature stimulus involved in sensory perception of pain; glial cell projection elongation; iodide transport; monoatomic cation transport; monoatomic ion transmembrane transport; mucus secretion; phospholipase C-activating G protein-coupled receptor signaling pathway; positive regulation of insulin secretion involved in cellular response to glucose stimulus; protein localization to membrane",1.5484434698009863e-05
87,"Q92820","Homo sapiens (Human)","CHEMBL2223","ENSG00000137563","GGH_HUMAN","Research target","1L9X",-6.9,"Gamma-glutamyl hydrolase","GGH","tetrahydrofolylpolyglutamate metabolic process",1.512236940470757e-05
88,"Q9UIQ6","Homo sapiens (Human)","CHEMBL2693","ENSG00000113441","LCAP_HUMAN","Patented target","4Z7I",-7.4,"Cystinyl aminopeptidase","LNPEP;OTASE","antigen processing and presentation of exogenous peptide antigen via MHC class I, TAP-independent; cell-cell signaling; female pregnancy; negative regulation of cold-induced thermogenesis; peptide catabolic process; protein catabolic process; protein polyubiquitination; proteolysis; regulation of blood pressure; signal transduction; SMAD protein signal transduction",1.3798668987874407e-05
89,"P04201","Homo sapiens (Human)","CHEMBL3559701","ENSG00000130368","MAS_HUMAN","Research target;Clinical Trial target","Alphafold2",-6.5,"Proto-oncogene Mas","MAS1;MAS","activation of NF-kappaB-inducing kinase activity; G protein-coupled receptor signaling pathway; hippocampus development; male gonad development; negative regulation of protein phosphorylation; positive regulation of cell population proliferation; positive regulation of DNA replication; positive regulation of inositol phosphate biosynthetic process; protein kinase C signaling; regulation of inflammatory response; response to activity; response to gonadotropin; response to xenobiotic stimulus; spermatogenesis",1.3728813428315334e-05
90,"P48052","Homo sapiens (Human)","CHEMBL4939","ENSG00000158516","","","1DTD",-6.5,"Carboxypeptidase A2","CPA2","protein catabolic process in the vacuole; proteolysis",1.3328069144336041e-05
91,"Q6XQN6","Homo sapiens (Human)","CHEMBL4523354","ENSG00000147813","","","4YUB",-5.9,"Nicotinate phosphoribosyltransferase","NAPRT;FHIP;NAPRT1","NAD salvage; response to oxidative stress",1.3211126315582078e-05
92,"Q6DWJ6","Homo sapiens (Human)","CHEMBL3632455","ENSG00000180269","GP139_HUMAN","Clinical Trial target","Alphafold2",-5.8,"Probable G-protein coupled receptor 139","GPR139;GPRG1;PGR3","G protein-coupled receptor signaling pathway; phospholipase C-activating G protein-coupled receptor signaling pathway",1.2974744095117785e-05
93,"Q6P179","Homo sapiens (Human)","CHEMBL5043","ENSG00000164308","ERAP2_HUMAN","Research target","5K1V",-9.4,"Endoplasmic reticulum aminopeptidase 2","ERAP2;LRAP","adaptive immune response; antigen processing and presentation of endogenous peptide antigen via MHC class I; antigen processing and presentation of peptide antigen via MHC class I; peptide catabolic process; proteolysis; regulation of blood pressure",1.289664396608714e-05
94,"Q9P0U3","Homo sapiens (Human)","CHEMBL1909484","ENSG00000079387","SENP1_HUMAN","Research target","2XRE",-6.8,"Sentrin-specific protease 1","SENP1","activation of cysteine-type endopeptidase activity involved in apoptotic process; apoptotic signaling pathway; positive regulation of transcription by RNA polymerase II; protein desumoylation; protein sumoylation; proteolysis",1.244462237082189e-05
95,"Q96T54","Homo sapiens (Human)","CHEMBL4523433","ENSG00000124780","","","Alphafold2",-6.5,"Potassium channel subfamily K member 17","KCNK17;TALK2;TASK4;UNQ5816/PRO19634","potassium ion transmembrane transport; potassium ion transport; regulation of monoatomic ion transmembrane transport; stabilization of membrane potential",1.2215546121296939e-05
96,"Q92953","Homo sapiens (Human)","CHEMBL2321618","ENSG00000182674","KCNB2_HUMAN","Research target","Alphafold2",-5.9,"Potassium voltage-gated channel subfamily B member 2","KCNB2","potassium ion transmembrane transport; potassium ion transport; protein homooligomerization; protein localization to plasma membrane; regulation of monoatomic ion transmembrane transport; regulation of smooth muscle contraction",1.1416442248446401e-05
97,"Q9Y265","Homo sapiens (Human)","CHEMBL3259467","ENSG00000175792","","","6K0R",-7.9,"RuvB-like 1","RUVBL1;INO80H;NMP238;TIP49;TIP49A","box C/D snoRNP assembly; cell cycle; cell division; chromatin remodeling; DNA recombination; DNA repair; histone acetylation; histone H2A acetylation; histone H4 acetylation; positive regulation of canonical Wnt signaling pathway; positive regulation of DNA repair; positive regulation of DNA-templated transcription; positive regulation of double-strand break repair via homologous recombination; positive regulation of telomerase RNA localization to Cajal body; positive regulation of telomere maintenance in response to DNA damage; protein stabilization; regulation of apoptotic process; regulation of cell cycle; regulation of chromosome organization; regulation of DNA repair; regulation of DNA replication; regulation of DNA strand elongation; regulation of DNA-templated transcription; regulation of double-strand break repair; regulation of embryonic development; regulation of transcription by RNA polymerase II; spermatogenesis; telomere maintenance",1.1143308256578166e-05
98,"Q16637","Homo sapiens (Human)","CHEMBL1293232","ENSG00000172062;ENSG00000205571","SMN_HUMAN","Successful target;Research target","4A4G",-5.8,"Survival motor neuron protein","SMN1;SMN;SMNT;;SMN2;SMNC","DNA-templated transcription termination; nervous system development; spliceosomal complex assembly; spliceosomal snRNP assembly",1.0616538929753006e-05
99,"P09238","Homo sapiens (Human)","CHEMBL4270","ENSG00000166670","MMP10_HUMAN","Patented target;Research target","3V96",-6.8,"Matrix metalloproteinase 10","MMP10;STMY2","collagen catabolic process; extracellular matrix disassembly; extracellular matrix organization; proteolysis",1.0573072358965874e-05
100,"P40145","Homo sapiens (Human)","CHEMBL2960","ENSG00000155897","","","Alphafold2",-8.1,"Adenylate cyclase type VIII","ADCY8","activation of protein kinase A activity; adenylate cyclase-activating G protein-coupled receptor signaling pathway; cAMP biosynthetic process; cellular response to calcium ion; cellular response to forskolin; cellular response to glucagon stimulus; cellular response to glucose stimulus; cellular response to morphine; G protein-coupled opioid receptor signaling pathway; glucose homeostasis; glucose mediated signaling pathway; intracellular signal transduction; learning or memory; locomotory behavior; long-term memory; memory; neuroinflammatory response; positive regulation of CREB transcription factor activity; positive regulation of cytosolic calcium ion concentration; positive regulation of insulin secretion involved in cellular response to glucose stimulus; positive regulation of long-term synaptic depression; positive regulation of long-term synaptic potentiation; positive regulation of synaptic plasticity; protein complex oligomerization; protein homooligomerization; regulation of cellular response to stress; regulation of cytosolic calcium ion concentration; regulation of insulin secretion; signal transduction",1.0425008440506645e-05
