,Target,Similarity.x,Similarity.y,Similarity
1,NU1025,-0.59078834,-0.60442517,-0.38886935
2,atorvastatin,-0.57424497,-0.59216144,-0.3540848
3,Ursolic acid,-0.4865751,-0.49064655,-0.23349232
4,Saracatinib,-0.47467811,-0.44861419,-0.22034735
5,BRD-K04856990,-0.44259433,-0.44358182,-0.26846953
6,BRD-K57166447,-0.43381048,-0.4630837,-0.26259343
7,423735-93-7,-0.42223564,-0.42035693,-0.33247974
8,ALDA 1,-0.40438717,-0.39029776,-0.23106892
9,BRD-K50868745,-0.39668108,-0.3840711,-0.25278476
10,SA-1939945,-0.39569579,-0.40173218,-0.2383538
11,Benfluorex,-0.39563629,-0.3920388,-0.24493476
12,Iniparib,-0.3780115,-0.37615024,-0.22724499
13,Gossypol,-0.37786036,-0.34422827,-0.21990514
14,BRD-K95985487-001-01-3,-0.37533036,-0.3319842,-0.26855933
15,BRD-K10436544,-0.36587526,-0.36983706,-0.2248622
16,BRD-K74659851,-0.36550017,-0.35747394,-0.24638971
17,GSK-461364,-0.36418863,-0.34744973,NA
18,ST4070043,-0.36137938,-0.35577953,-0.25552459
19,Manumycin-A,-0.360368,-0.35691128,-0.25247317
20,C21H29NO,-0.35919394,-0.30961693,NA
21,IWR-1-ENDO,-0.3577976,-0.34948256,NA
22,AC1NWAOX,-0.3576094,-0.33987636,NA
23,BRD-A02747686,-0.35524513,-0.3329426,NA
24,BRD-K41668190,-0.34697381,-0.35856962,-0.24542402
25,PK-11195,-0.34008017,-0.2941089,-0.23535126
26,Fenipentol,-0.33852465,-0.3469095,-0.21602888
27,"9-Fluoro-11,17,21-trihydroxy-16-methylpregna-1,4-diene-3,20-dione",-0.33775788,-0.32522945,-0.20636789
28,BRD-A74382794,-0.33721145,-0.32432864,-0.22415186
29,Amuvatinib,-0.3344986,-0.35562115,-0.22908127
30,T-0156,-0.33449622,-0.33741185,NA
31,CHEMBL2141431,-0.32827808,-0.31970624,NA
32,SA-440832,-0.32782421,-0.28805344,-0.32459172
33,Lapatinib,-0.32773223,-0.34120317,NA
34,PF-04217903,-0.32434358,-0.3382624,-0.2282271
35,LACOSAMIDE,-0.32359152,-0.32766251,-0.24556415
36,MLS003672589,-0.32153408,-0.34934315,-0.26640435
37,MLS003079542,-0.32135443,-0.3420085,-0.22545647
38,Broad-Sai-296,-0.31894717,-0.33618532,-0.23483517
39,Ethionamide,-0.31809285,-0.33779851,-0.22006627
40,ZD-7288,-0.31646404,-0.32084328,NA
41,CHEMBL2144678,-0.31598306,-0.24786795,-0.24097265
42,Amidate,-0.31568038,-0.31743202,-0.24330668
43,Melperone,-0.31472489,-0.36370451,-0.21400979
44,RS-127445,-0.31258855,-0.2002704,NA
45,CHEMBL3184446,-0.31250158,-0.31380941,NA
46,Wortmannin,-0.31237661,-0.33991711,NA
47,BRD-K24383920,-0.31219625,-0.28127752,-0.22849714
48,NNC 26-9100,-0.31149802,-0.32444858,NA
49,AZD-6482,-0.31125089,-0.29787767,-0.21307922
50,CHEMBL1938917,-0.31090107,-0.30484149,-0.27761782
51,Loratadine,-0.30951901,-0.33014208,-0.20457778
52,Pentoxifylline,-0.30850573,-0.29879262,NA
53,ST4029010,-0.30807109,-0.29649111,NA
54,SA-1919667,-0.30779262,-0.28131628,-0.22041545
55,BRD-K89986699,-0.30751802,-0.29597899,NA
56,triptolide,-0.3062811,-0.30538009,NA
57,Pazopanib,-0.30518755,-0.27083756,NA
58,MLS000063560,-0.3048115,-0.32431942,-0.24118178
59,ZSTK 474,-0.30416059,-0.31012438,-0.20054975
60,SA-1455822,-0.3035371,-0.30157453,NA
61,C30H33N3O5S,-0.30321644,-0.29866792,-0.22834713
62,SA-84512,-0.30247206,-0.3071289,-0.25877598
63,BRD-A35153197,-0.30230191,-0.28460698,NA
64,CHEMBL2333346,-0.30017175,-0.32365531,-0.21877843
65,BRD-K04617562,-0.29930729,-0.30398687,-0.25937709
66,TUL_XX087,-0.2990333,-0.24714546,-0.24145846
67,SMR000043634,-0.29756141,-0.30509309,NA
68,SGI-1776,-0.29746387,-0.27776981,NA
69,Etravirine (TMC125),-0.29481607,-0.28545754,-0.21436113
70,ST51005413,-0.29481385,-0.28785297,-0.21568073
71,VU0359998,-0.29446428,-0.28974377,NA
72,Dephostatin,-0.29398635,-0.25074623,NA
73,NSC119236,-0.29378908,-0.30640251,-0.2413387
74,BRD-A15501135,-0.2932422,-0.27674771,NA
75,JW 55,-0.2924174,-0.31711173,-0.23559553
76,Zileuton,-0.29237159,-0.29785202,-0.21701505
77,SA-1457810,-0.29226778,-0.30304204,NA
78,Nicaraven,-0.292136,-0.26531333,NA
79,Phenylmethylsulfonylfluoride,-0.29142397,-0.30198625,NA
80,Ginkgolide B,-0.29123808,-0.29787649,-0.204995
81,MAZ51,-0.2904054,-0.23904711,NA
82,CHEMBL1705549,-0.29013615,-0.24872206,-0.22380677
83,SA-89763,-0.29010604,-0.31015239,NA
84,MW-STK33-100,-0.28941311,-0.3080236,-0.27345432
85,Ifenprodil,-0.28906606,-0.27345116,NA
86,SCHEMBL618594,-0.28811222,-0.28029635,NA
87,BRD-K43638827,-0.28778819,-0.30060725,-0.21038141
88,LY-294002,-0.28741271,-0.2447089,-0.25687188
89,GSK 1059615,-0.28717506,NA,-0.24284479
90,GSK 1059615,-0.28717506,NA,-0.24284479
91,GSK 1059615,-0.28717506,NA,-0.24284479
92,GSK 1059615,-0.28717506,NA,-0.24284479
93,Gefitinib,-0.28681226,-0.29291406,-0.30469353
94,CHEMBL1476499,-0.28624256,-0.24371778,NA
95,SCHEMBL1564574,-0.2855313,-0.31238697,-0.22346048
96,SB-203580,-0.28435656,-0.27922405,-0.21608723
97,ML239,-0.28401577,-0.26783326,NA
98,sn-Glycero-3-phosphocholine,-0.28271545,-0.28529139,NA
99,MLS003337112,-0.28259212,-0.30535439,NA
100,VILAZODONE HYDROCHLORIDE,-0.28199559,-0.27764106,NA
101,BRD-K10609180,-0.28170547,-0.22319863,NA
102,2-Fluoropalmitic acid,-0.28153734,-0.29507209,NA
103,Salsolinol,-0.28137262,-0.25425259,NA
104,JNJ-38877605,-0.28102717,-0.25430523,NA
105,N9-Isopropylolomoucine,-0.28074121,-0.32472184,-0.22474963
106,STK222600,-0.27966802,-0.32205642,NA
107,Ponatinib,-0.27919902,-0.26541601,-0.24362701
108,MLS003129300,-0.27891391,-0.26765723,NA
109,Taurocholate,-0.27823676,-0.25305266,NA
110,Deferasirox,-0.27735768,-0.27580617,NA
111,Salvinorin A,-0.27519055,-0.26241437,NA
112,MLS000860958,-0.27515141,-0.28602948,NA
113,PD-98059,-0.27495908,-0.26553149,NA
114,Dihydroergotamine,-0.27485936,-0.23278804,NA
115,MLS000589843,-0.27425373,-0.29136383,NA
116,Menadione,-0.27324869,-0.26069551,NA
117,SB525334,-0.27292181,-0.29349712,-0.21673055
118,"HDACi1,2+3_mix",-0.27250704,-0.32130726,-0.28837109
119,TAK-715,-0.27152595,-0.2540451,-0.31323816
120,Rabusertib,-0.27128501,NA,NA
121,NSC95397,-0.27117285,NA,NA
122,Vemurafenib,-0.27048421,-0.2418421,-0.22966456
123,Vemurafenib,-0.27048421,-0.2418421,-0.22966456
124,Vemurafenib,-0.27048421,-0.2418421,-0.22966456
125,Vemurafenib,-0.27048421,-0.2418421,-0.22966456
126,Vemurafenib,-0.27048421,-0.2418421,-0.22966456
127,Vemurafenib,-0.27048421,-0.2418421,-0.22966456
128,Vemurafenib,-0.27048421,-0.2418421,-0.22966456
129,Vemurafenib,-0.27048421,-0.2418421,-0.22966456
130,Phenoxazine,-0.27005675,-0.23911792,-0.22837691
131,Clofibric acid,-0.2700314,-0.27136851,NA
132,6-Nitro dopamine,-0.27001352,-0.28752354,NA
133,C21H27N7O3,-0.26987577,-0.26650344,NA
134,SU 11274,-0.26944418,-0.2765447,-0.22674055
135,AC1NSZMI,-0.26936506,-0.23881611,NA
136,Tozasertib,-0.26912553,-0.26676641,-0.24150748
137,BRD-K76876037,-0.26851396,-0.28473773,-0.20613868
138,Navitoclax,-0.26820224,-0.28270117,NA
139,BAS 02002358,-0.26814443,-0.23432675,NA
140,Myriocin,-0.26809439,-0.29338789,NA
141,Masitinib,-0.26763069,-0.2785083,-0.24897656
142,ipratropium,-0.26706975,-0.25870693,NA
143,AK-778/12434114,-0.26689402,-0.26785459,NA
144,BRD-K43528099-019-01-6,-0.26678185,-0.30221485,-0.26958644
145,301836-43-1,-0.26577291,-0.22265871,NA
146,RS504393,-0.26565549,-0.26663868,-0.23624423
147,MLS002232305,-0.26549745,-0.27544091,NA
148,Pyrilamine,-0.26549675,-0.24227151,NA
149,MLS003129782,-0.2649339,-0.23626783,NA
150,SA-243193,-0.26490189,-0.23725709,NA
151,Ehna,-0.26437894,-0.2713873,-0.21022023
152,N-(4-METHOXYPHENYL)-1-PHENYL-1H-PYRAZOL-3-AMINE,-0.26424064,-0.24354392,NA
153,Palmitoyl Carnitine,-0.26397475,-0.25360804,NA
154,Phenformin,-0.26392495,-0.21195319,-0.23552738
155,BRD-K59134391,-0.26387548,-0.29728245,-0.28359434
156,Evodiamine,-0.26385817,-0.29586462,NA
157,SKF-77434,-0.26252216,-0.26188629,NA
158,SA-1456102,-0.26246241,-0.26266562,NA
159,59826-53-8,-0.26223901,NA,NA
160,1166227-08-2,-0.26220876,-0.21932021,NA
161,BMY-14802,-0.26132494,-0.28609515,-0.29517041
162,Azathioprine,-0.26047593,-0.31009707,-0.23357338
163,MLS002725684,-0.26039447,-0.25573651,-0.20782283
164,BRD-K31562577,-0.26014726,NA,NA
165,"(R,R)-Tramadol",-0.25995565,-0.24729859,NA
166,BIM0133,-0.25957106,-0.22742119,NA
167,BI-2536,-0.25932539,-0.2912219,-0.24183269
168,GW-5074,-0.25925193,-0.26097846,NA
169,Quinidine Gluconate,-0.25857263,-0.26025766,-0.24540199
170,BRD-K88334823,-0.25826689,-0.26324842,NA
171,3-Chloro-l-alanine,-0.25812228,NA,-0.21797207
172,ASN 05257430,-0.2581048,-0.28022716,NA
173,Etodolac,-0.25809761,-0.24909947,-0.22313573
174,PDK1 Inhibitor,-0.25802295,-0.24182827,-0.2110912
175,CID 75060880,-0.25799626,-0.27427606,NA
176,AC1NSM0X,-0.25771018,-0.29092404,-0.20671251
177,Daidzein,-0.25758129,-0.22883658,NA
178,BRD-K74446951,-0.2575445,-0.251031,NA
179,BG-STK33-59,-0.25753267,-0.23693572,-0.20809498
180,BAY-117821,-0.25733205,-0.2133167,NA
181,852475-26-4,-0.25729697,-0.26467391,NA
182,XMD-1185H,-0.2571029,-0.29313456,-0.21100525
183,CAY10585,-0.256908,-0.20838639,NA
184,"3-Amino-7-hydroxy-3,4-dihydroquinolin-2(1H)-one",-0.25677234,-0.26634729,-0.20519468
185,Gabapentin,-0.2567287,-0.26131859,NA
186,BRD-K34347561,-0.25648575,-0.22028339,NA
187,VX-702,-0.25643571,-0.25465599,NA
188,Gangleoidin Acetate,-0.25573933,-0.22589806,NA
189,BRD-K20827972,-0.25558564,-0.23484341,NA
190,Topiroxostat,-0.25422456,-0.2519082,-0.2037027
191,SCHEMBL14177979,-0.254138,-0.2357554,-0.20449294
192,MLS-0367705.0001,-0.25392207,-0.2535446,-0.21423462
193,MLS002391491,-0.25389608,-0.25055036,NA
194,SCHEMBL17783882,-0.25374673,-0.26544112,NA
195,HLI-373,-0.25367827,-0.24647449,-0.24951823
196,Erastin,-0.25348525,-0.20726966,NA
197,BRD-K35002913,-0.25302414,-0.28429682,-0.39118189
198,NVP DPP 728 dihydrochloride,-0.25288255,-0.24059745,NA
199,CHEMBL254777,-0.25247132,-0.26116606,NA
200,Oxibendazole,-0.2524018,-0.22338049,NA
201,4-Iodo-6-phenylpyrimidine,-0.25229028,-0.23481561,-0.22308941
202,AC1M52QF,-0.25215549,-0.26391994,-0.20962227
203,VX-11E,-0.25211201,-0.20892673,NA
204,Lorazepam,-0.25178975,-0.27753428,-0.261746
205,BRD-K26684619,-0.2512471,-0.25589322,NA
206,Doramapimod,-0.25098911,-0.22842723,-0.2347534
207,GDC-0152,-0.25095849,-0.23744708,-0.25762683
208,BRL50481,-0.25094174,-0.25620053,NA
209,CHEMBL2360064,-0.2508846,-0.24829041,-0.22799434
210,MLS001173269,-0.2507782,-0.22222003,NA
211,SCHEMBL3092652,-0.25063196,-0.2154251,-0.2107899
212,DG-041,-0.25059446,-0.2604359,-0.25876625
213,SA-1939891,-0.25044006,-0.26029064,-0.2227104
214,BRD-A72596465,-0.25043395,-0.26276504,NA
215,CHEMBL1965031,-0.25035668,-0.259475,-0.21858883
216,Tivozanib,-0.25017246,-0.2665787,NA
217,VX-745,-0.25011593,-0.23069025,-0.22400108
218,2-(1-Methoxy-2-(naphthalen-1-yl)ethylidene)malononitrile,-0.24991404,-0.24721624,NA
219,CHEMBL2143681,-0.24989591,-0.24248397,-0.23802784
220,MLS002473458,-0.2494094,-0.202119,NA
221,SB225002,-0.24917643,-0.28743488,-0.28544407
222,Elliptecine,-0.24912289,-0.24239906,NA
223,Dacomitinib,-0.24907445,-0.25571345,-0.20927618
224,SA-1938219,-0.24894978,-0.27488679,-0.21278279
225,TUL_XIX002,-0.24876441,-0.28971483,-0.22176642
226,BRD-K40276799,-0.24872746,-0.27266418,NA
227,SCHEMBL16980374,-0.2480139,-0.22376473,NA
228,A-443654,-0.24796711,-0.23801307,NA
229,CHEMBL2204241,-0.24772376,-0.31064413,-0.25386421
230,BRD-K54343811,-0.24768802,-0.2030671,NA
231,LY2157299,-0.24763123,-0.23209669,NA
232,VE-821,-0.24696242,-0.28610004,NA
233,MLS002264458,-0.24679125,-0.21272816,NA
234,Pimobendan,-0.24659316,-0.25163627,NA
235,Oxfendazole,-0.24624252,-0.20210815,NA
236,ZINC03977775,-0.24616879,-0.2257598,-0.24452917
237,CDK9 Inhibitor,-0.24607984,-0.23183274,NA
238,CYTO7H11,-0.2458147,-0.24619822,-0.20611964
239,Leu-Enkephalin,-0.24571221,-0.23497361,NA
240,AZD 1480,-0.24564799,-0.29079038,-0.20627405
241,MLN-8054,-0.24559107,-0.24525308,NA
242,BAY 61-3606,-0.2455095,NA,-0.24385575
243,Amthamine,-0.24544166,-0.2169943,-0.20413124
244,Pranlukast,-0.24539547,-0.26323635,-0.25235741
245,AZ20,-0.24525374,-0.26290594,-0.21024905
246,SCHEMBL15444220,-0.24508241,-0.21456312,-0.24960851
247,"Mapp, D-Erythro",-0.24501106,-0.21345642,NA
248,BRD-K97873029,-0.24493933,-0.272458,NA
249,ZINC01050121,-0.24459957,-0.20597692,NA
250,paroxetine,-0.24438335,-0.20472561,-0.22603547
251,Crotamiton,-0.24436228,-0.24383046,NA
252,MLS003179190,-0.24432503,-0.23126925,-0.25272679
253,Trifluoperazine,-0.24426429,-0.27158991,-0.22080632
254,Piperidolate,-0.24423811,-0.26775433,NA
255,Lasalocid,-0.24389444,NA,NA
256,MLS001065873,-0.24332396,NA,NA
257,Tyrphostin AG 527,-0.24331126,-0.22507711,NA
258,BRD-K00141503,-0.24319606,-0.2055295,NA
259,Cilastatin,-0.24317782,-0.2711223,-0.27030009
260,Cilastatin,-0.24317782,-0.2711223,-0.27030009
261,Cilastatin,-0.24317782,-0.2711223,-0.27030009
262,Cilastatin,-0.24317782,-0.2711223,-0.27030009
263,Cilastatin,-0.24317782,-0.2711223,-0.27030009
264,Cilastatin,-0.24317782,-0.2711223,-0.27030009
265,Cilastatin,-0.24317782,-0.2711223,-0.27030009
266,Cilastatin,-0.24317782,-0.2711223,-0.27030009
267,ML130,-0.24292309,NA,NA
268,SPECTRUM_001319,-0.24275222,NA,NA
269,CHEMBL1882023,-0.24236754,-0.23748946,-0.23137326
270,Fatostatin,-0.24186007,-0.27505819,NA
271,QS-11,-0.24097287,-0.21622921,NA
272,RG 108,-0.24091856,NA,NA
273,Clarithromycin,-0.24082956,-0.23518189,-0.270307
274,BRD-K51556300-001-01-9,-0.24077913,-0.270763,-0.2060897
275,ZINC01282667,-0.24041577,NA,NA
276,PD-173074,-0.24020567,-0.25355661,NA
277,BRD-K00715257,-0.24011434,NA,NA
278,MLS002699918,-0.24011084,-0.20364694,-0.23340433
279,CHEMBL3183442,-0.24007676,NA,NA
280,CHEMDIV3_007362,-0.24006073,-0.22385035,NA
281,TUL_XXI035,-0.24002118,-0.28398459,-0.23631251
282,CHEMBL1877309,-0.24000615,-0.23601691,NA
283,Bambuterol,-0.2398907,NA,-0.20420802
284,Gibberellin A3,-0.23984308,NA,-0.20602861
285,12K-516S,-0.23971659,-0.25676436,NA
286,TWS 119,-0.23964227,-0.2540356,NA
287,Racecadotril,-0.23952916,-0.25324121,-0.2456977
288,Tivantinib,-0.23930612,-0.23341717,NA
289,SA-1921783,-0.2389245,-0.24219934,NA
290,TW 37,-0.23888735,-0.22779045,NA
291,SMR001317717,-0.23886349,-0.23213145,NA
292,BRD-K25098415,-0.23858256,-0.22893437,NA
293,Cucurbitacin-I,-0.23855378,-0.26850084,NA
294,Propranolol,-0.23851094,-0.22783944,-0.24877574
295,Iodophenpropit,-0.23828442,-0.27704408,-0.20018183
296,testosterone,-0.23818357,-0.23125037,NA
297,Dichlorphenamide,-0.23807275,-0.26835658,NA
298,SAR245409,-0.23793505,-0.21749892,-0.20274804
299,Erythromycin Ethylsuccinate,-0.23768304,-0.24931874,-0.21525257
300,CVF-SUMO-7,-0.23763314,-0.28144078,NA
301,Scriptaid,-0.23733021,-0.22721745,-0.20110592
302,Phenethylisothiocyanate,-0.23719076,-0.28511677,-0.30720724
303,ZINC01181459,-0.23697537,NA,NA
304,EXALAMIDE,-0.23677574,-0.21347753,-0.33508623
305,BRD-K00199686,-0.23677022,-0.22088114,-0.26091312
306,Vesamicol,-0.23673415,-0.24200566,-0.22197837
307,AR-C133057XX,-0.23670856,-0.23983324,NA
308,SCHEMBL3954849,-0.23665968,-0.21351105,NA
309,CHEMBL490083,-0.23665422,NA,NA
310,Chlorthalidone,-0.23648478,-0.25945685,-0.21159988
311,COT Inhibitor-2,-0.23625986,-0.25652391,-0.23019429
312,MLS002391455,-0.23621363,-0.26365364,NA
313,916985-21-2,-0.23590327,-0.23737566,NA
314,EMF-sumo1-1,-0.2358919,NA,NA
315,HMS2093P09,-0.23584101,-0.21930188,NA
316,Bromopyruvate,-0.23571435,-0.23856556,-0.21999426
317,BRD-K88710727,-0.23570288,-0.22735323,NA
318,Nimodipine,-0.23561259,-0.22683108,NA
319,Pindolol,-0.23548817,-0.27752132,-0.22415726
320,Sirolimus,-0.23545956,NA,NA
321,Sirolimus,-0.23545956,NA,NA
322,Sirolimus,-0.23545956,NA,NA
323,CHEMBL1950303,-0.23520937,-0.24257606,-0.21182963
324,AC1O9X68,-0.23479126,-0.21399295,NA
325,GSK-319347A,-0.23477898,-0.277649,-0.21521955
326,Nabumetone,-0.23471327,-0.26754254,NA
327,"N-(3-Fluoro-4-((7-methoxyquinolin-4-yl)oxy)phenyl)-1-(2-hydroxy-2-methylpropyl)-5-methyl-3-oxo-2-phenyl-2,3-dihydro-1H-pyrazole-4-carboxamide",-0.23462119,-0.24687905,-0.2566698
328,ST007958,-0.23441484,-0.23587534,NA
329,Tamatinib,-0.23399226,-0.2489148,NA
330,MK-0752,-0.2338313,-0.22739763,NA
331,Mesoridazine,-0.23375815,-0.25688202,-0.2115067
332,Diazoxide,-0.23351015,-0.23559912,NA
333,Methyldopa,-0.23284796,-0.26086974,NA
334,Infigratinib,-0.23281292,NA,-0.21697067
335,Oleoylethanolamide,-0.23235286,NA,NA
336,Acetylcysteine,-0.23233655,-0.2480421,NA
337,SCHEMBL2559243,-0.23219115,-0.2889759,-0.22331713
338,Berberine,-0.23205374,-0.22524799,-0.34652746
339,BRD-K96839270,-0.23193315,-0.22468835,NA
340,ALD1-H_001117,-0.23177626,-0.23131331,NA
341,BRD-K34836852,-0.23165099,-0.2378266,-0.22004906
342,BRD-K17890048,-0.23163831,-0.20812471,NA
343,Glycocholic acid,-0.23159563,-0.26226519,NA
344,"1-[2-Chloro-2-(2,4-dichlorophenyl)ethenyl]-1H-1,2,4-triazole",-0.23158694,-0.26320747,NA
345,GANT58,-0.23158032,NA,NA
346,Epigalocatechin Gallate,-0.23157807,NA,NA
347,CHEMBL1900088,-0.23155862,-0.24796329,-0.2336598
348,6Alpha-fluorotestosterone,-0.23118078,-0.24781401,-0.30389894
349,M3M3FBS,-0.23103051,-0.25155565,-0.20117859
350,CHEMBL1509101,-0.23099629,NA,NA
351,GSK1292263,-0.23053096,NA,-0.24367709
352,XAV 939,-0.23022365,-0.26061719,NA
353,MLS001065880,-0.22972706,-0.22926038,NA
354,MLS002607797,-0.22967064,-0.23956521,-0.23499331
355,SA-1939079,-0.22961206,NA,NA
356,Bardoxolone Methyl,-0.22960355,-0.20247718,NA
357,BRD-K71714567,-0.22958265,NA,NA
358,THZ-2-98-01,-0.22924327,-0.22606373,-0.22396646
359,THZ-2-98-01,-0.22924327,-0.22606373,-0.22396646
360,THZ-2-98-01,-0.22924327,-0.22606373,-0.22396646
361,THZ-2-98-01,-0.22924327,-0.22606373,-0.22396646
362,THZ-2-98-01,-0.22924327,-0.22606373,-0.22396646
363,THZ-2-98-01,-0.22924327,-0.22606373,-0.22396646
364,THZ-2-98-01,-0.22924327,-0.22606373,-0.22396646
365,THZ-2-98-01,-0.22924327,-0.22606373,-0.22396646
366,THZ-2-98-01,-0.22924327,-0.22606373,-0.22396646
367,THZ-2-98-01,-0.22924327,-0.22606373,-0.22396646
368,THZ-2-98-01,-0.22924327,-0.22606373,-0.22396646
369,THZ-2-98-01,-0.22924327,-0.22606373,-0.22396646
370,THZ-2-98-01,-0.22924327,-0.22606373,-0.22396646
371,THZ-2-98-01,-0.22924327,-0.22606373,-0.22396646
372,THZ-2-98-01,-0.22924327,-0.22606373,-0.22396646
373,THZ-2-98-01,-0.22924327,-0.22606373,-0.22396646
374,THZ-2-98-01,-0.22924327,-0.22606373,-0.22396646
375,THZ-2-98-01,-0.22924327,-0.22606373,-0.22396646
376,THZ-2-98-01,-0.22924327,-0.22606373,-0.22396646
377,THZ-2-98-01,-0.22924327,-0.22606373,-0.22396646
378,THZ-2-98-01,-0.22924327,-0.22606373,-0.22396646
379,THZ-2-98-01,-0.22924327,-0.22606373,-0.22396646
380,THZ-2-98-01,-0.22924327,-0.22606373,-0.22396646
381,THZ-2-98-01,-0.22924327,-0.22606373,-0.22396646
382,THZ-2-98-01,-0.22924327,-0.22606373,-0.22396646
383,THZ-2-98-01,-0.22924327,-0.22606373,-0.22396646
384,THZ-2-98-01,-0.22924327,-0.22606373,-0.22396646
385,BRD-K22828860,-0.2291264,-0.21762922,NA
386,Famciclovir,-0.22908305,NA,NA
387,L-733060,-0.22875619,-0.24471681,NA
388,Lonafarnib,-0.22867493,-0.21384446,NA
389,MLS000107177,-0.22852036,-0.21082612,-0.2051814
390,L-152804,-0.22841107,-0.24492249,-0.31034778
391,AC1NSFGY,-0.22841006,NA,NA
392,Chlorpheniramine,-0.22818496,-0.22303212,NA
393,138402-11-6,-0.2276353,-0.24060986,-0.26062235
394,CP-724714,-0.22759666,-0.23230747,NA
395,BRD-K26508045,-0.22748365,-0.20149745,NA
396,396129-53-6,-0.22747262,-0.2354849,NA
397,BRD-K05456756,-0.22716569,-0.21133533,-0.25555072
398,MLS000766411,-0.22713382,-0.23313556,NA
399,AC1L1JM9,-0.22712952,NA,NA
400,IOX2,-0.2270158,-0.20439498,NA
401,doxorubicin,-0.22676372,-0.22152334,NA
402,MLS002699429,-0.22668714,NA,NA
403,Captopril,-0.22668643,-0.26580929,-0.23656755
404,Metolazone,-0.22650592,-0.20968202,NA
405,Linsitinib,-0.22644316,NA,NA
406,MLS003178531,-0.22630449,-0.24534006,NA
407,2-Bromo-n-phenylbenzamide,-0.22615125,-0.24917608,NA
408,NNC 63-0532,-0.2260457,-0.24788912,-0.22644187
409,LM-1685,-0.22598622,-0.21714676,NA
410,Retinol,-0.22592338,-0.24125865,NA
411,HMN-214,-0.22583124,-0.2524293,-0.21594848
412,GSK-1904529A,-0.22577421,-0.2279346,-0.25839936
413,BRD-K41613119,-0.22563499,-0.23892311,NA
414,BRD-K13528168-001-01-6,-0.22556793,-0.21009435,NA
415,Pifithrin MU,-0.22540926,-0.22273509,NA
416,BRD-K86845397,-0.22535237,-0.22074371,NA
417,ST-91,-0.22534679,-0.28461382,-0.2717374
418,SA-1938820,-0.22533389,NA,NA
419,BRD-K19696793,-0.22533107,NA,NA
420,BRD-K73118655,-0.22528965,NA,-0.21669335
421,MLS002460474,-0.22519011,-0.25541119,NA
422,Sertindole,-0.22500414,NA,NA
423,GW843682X,-0.22497147,-0.2165181,-0.22124142
424,XMD 8-92,-0.22492967,NA,-0.29613819
425,BRD-K45807461,-0.22474233,-0.22848978,NA
426,TIE2 Kinase Inhibitor,-0.2246607,-0.25761379,-0.27581362
427,Omeprazole,-0.22464998,-0.20818217,NA
428,Indigo Red,-0.22424336,-0.21809584,NA
429,BRD-K23582869-001-01-3,-0.22415528,-0.20933956,NA
430,CHEMBL2057940,-0.22411128,-0.23312429,-0.2029726
431,CHEMBL1271322,-0.22401711,-0.22135924,NA
432,CHEMBL1986318,-0.22391974,NA,NA
433,MLS003126519,-0.22391758,NA,NA
434,Lenalidomide,-0.22375237,-0.24286703,-0.21440124
435,Ilomastat,-0.22359912,-0.20030193,NA
436,Piperacillin,-0.22331382,NA,NA
437,SA-1462678,-0.22327656,-0.22836938,-0.21516756
438,AC1MF5PT,-0.22325047,-0.23277776,NA
439,Camostat Mesilate,-0.2232028,-0.22467783,-0.24475583
440,Albendazole,-0.22312767,-0.20579363,-0.20228174
441,BRD-K62768020,-0.2229694,-0.23902779,-0.24802384
442,HE044657,-0.22289092,NA,NA
443,Nemonapride,-0.22280841,-0.20697663,-0.26307398
444,Nemonapride,-0.22280841,-0.20697663,-0.26307398
445,Nemonapride,-0.22280841,-0.20697663,-0.26307398
446,Nemonapride,-0.22280841,-0.20697663,-0.26307398
447,Nemonapride,-0.22280841,-0.20697663,-0.26307398
448,Nemonapride,-0.22280841,-0.20697663,-0.26307398
449,Nemonapride,-0.22280841,-0.20697663,-0.26307398
450,Nemonapride,-0.22280841,-0.20697663,-0.26307398
451,SCHEMBL15422158,-0.22278224,-0.21613998,-0.2423546
452,Sertaconazole,-0.22273806,-0.22524103,NA
453,AC1O1EQ5,-0.22273234,-0.25695651,-0.2358644
454,BRD-K88849270,-0.22264655,-0.24862901,NA
455,"2,5-Dimethoxyphenethylamine",-0.22257715,-0.22819776,NA
456,Dcpib,-0.22248067,-0.23260358,NA
457,BRD-K33936059,-0.22241421,-0.22836088,NA
458,(S)-Tipifarnib,-0.2223876,NA,NA
459,Narciclasine,-0.22235492,-0.23622462,NA
460,MLS-0454334.0002,-0.22220072,-0.25076547,NA
461,BRD-K86413298,-0.22214123,NA,NA
462,Emodic acid,-0.22200901,NA,-0.21970709
463,CHEMBL168972,-0.22193216,NA,NA
464,MLS002276465,-0.22189067,NA,NA
465,PLX-4720,-0.22168277,-0.23943055,NA
466,(R)-(-)-Jq1 enantiomer,-0.22156517,-0.25343765,NA
467,LRRK2-IN-1,-0.22153242,-0.22999352,-0.27968781
468,Linifanib,-0.22135955,-0.21226763,-0.23118272
469,MLS-0315868.0001,-0.22128203,-0.20815409,NA
470,ST50973695,-0.22126342,-0.22123198,NA
471,SA-424068,-0.22123739,-0.2170699,NA
472,RS-23597-190,-0.22120509,-0.26671079,-0.2736124
473,NCGC00238427-01,-0.22118421,-0.26198231,-0.23474337
474,BRD-K81408913,-0.22116355,-0.20431639,NA
475,LDN 193189,-0.22109358,NA,-0.20746937
476,Vinpocetine,-0.22099596,-0.23655938,NA
477,Proscillaridin A,-0.22090346,-0.22887146,NA
478,HA 14-1,-0.22070085,-0.2111055,NA
479,Ergoatetrine,-0.22062629,-0.25421869,NA
480,"D,L Carbidopa",-0.22040238,-0.25303098,NA
481,Loperamide,-0.22039732,-0.22476246,-0.22967002
482,Binospirone,-0.22026541,NA,-0.22394539
483,SB 239063,-0.2201462,-0.2349309,-0.24102147
484,Perphenazine,-0.21990508,-0.23204004,-0.24996647
485,BRD-A95504714,-0.21969606,NA,NA
486,SCHEMBL16980224,-0.21959627,NA,NA
487,Pinacidil,-0.21953158,-0.21477107,NA
488,BRD-K04632192,-0.21927083,-0.20988599,NA
489,SCHEMBL3363896,-0.21917799,NA,NA
490,Bifonazole,-0.21896554,-0.20929684,NA
491,MLS002264447,-0.21890358,NA,NA
492,CHEMBL1201939,-0.21867708,NA,NA
493,SA-1922927,-0.21866933,-0.21502553,-0.21536067
494,Agomelatine,-0.2186256,NA,NA
495,SA-424294,-0.21858994,-0.25021203,-0.22504682
496,Avagacestat (BMS-708163),-0.21846943,-0.20679056,NA
497,GW7647,-0.21829957,NA,-0.23603445
498,BX 912,-0.21818522,-0.21711112,NA
499,BRD-K80726792-001-01-8,-0.21799573,-0.22827453,NA
500,FGIN1-27,-0.21787742,-0.22936224,-0.23192865
501,Almorexant (hydrochloride),-0.21783986,-0.23018606,NA
502,TIBOLONE,-0.21777402,-0.23153209,-0.21280329
503,AHU-377 (hemicalcium salt),-0.21768008,-0.23598737,NA
504,BRD-K38294617,-0.2176476,NA,NA
505,Cymarin,-0.21763404,NA,NA
506,Cymarin,-0.21763404,NA,NA
507,MLS000925170,-0.21754921,-0.20901979,NA
508,BRD-K16257790,-0.21742178,-0.24854833,NA
509,Luteolin,-0.21713535,NA,NA
510,BMS-345541,-0.21711118,-0.20467415,-0.21157701
511,CHEMBL565584,-0.21705634,-0.22778902,NA
512,Kinetin Riboside,-0.21699392,-0.23808988,-0.22466806
513,BRD-K28945051,-0.21695788,-0.22928436,NA
514,Ofloxacin,-0.21676084,-0.2358623,-0.2585639
515,Cabergoline,-0.21668237,-0.25045878,NA
516,TH02453-036-P1,-0.21664091,-0.2204271,NA
517,CHEMBL2137336,-0.21652873,-0.25185761,NA
518,BRD-K15377376,-0.21647983,-0.20543709,NA
519,TSU-68,-0.21616419,-0.25009186,NA
520,Cariprazine,-0.21615436,-0.23856139,NA
521,Triamcinolone Diacetate,-0.2161169,-0.22014402,NA
522,ZINC00399124,-0.21580165,NA,NA
523,BRD-K46666779,-0.21570312,NA,NA
524,Hexestrol,-0.2156571,-0.20396653,NA
525,BRD-K46232974,-0.21563605,NA,NA
526,ON-01910,-0.21562804,-0.22172911,-0.20858496
527,"Triazine Scaffold, 32",-0.21550406,NA,NA
528,GSK 525762A,-0.21549789,-0.22859846,-0.2500662
529,AM-580,-0.21540389,NA,NA
530,Alitretinoin,-0.21534841,-0.20815582,NA
531,ACRIVASTINE,-0.21533672,-0.24105406,NA
532,TGX 221,-0.21502333,-0.21027316,NA
533,BRD-A69951442-001-01-3,-0.21468395,NA,NA
534,SCHEMBL570779,-0.21456218,NA,NA
535,16Beta-hydroxydisitoxigenin,-0.21451497,-0.24806059,-0.21035838
536,MLS000038106,-0.21425522,NA,NA
537,"THR1 Inhibitor, 2",-0.21420128,NA,NA
538,MLS003129817,-0.21415783,-0.21229878,NA
539,Latanoprost,-0.21412187,-0.21253027,NA
540,MLS000417155,-0.21404921,-0.20959842,NA
541,Bonuten,-0.21392202,-0.26322632,-0.22713721
542,AS601245,-0.21384362,-0.23772577,NA
543,MDL 29951,-0.21381689,NA,NA
544,6Alpha-methylprednisolone acetate,-0.21368913,-0.20602841,NA
545,F1298-0937,-0.21362467,NA,NA
546,Zebularine,-0.21358395,-0.25290229,-0.21630164
547,BRD-K54323133,-0.21352135,-0.20256515,NA
548,AC1NWALF,-0.21339359,NA,NA
549,CHEMBL1712678,-0.21339264,-0.24973904,NA
550,Bithionol,-0.21328612,-0.22681495,NA
551,XMD-132,-0.21322732,NA,NA
552,BRD-K49634971,-0.21303899,-0.24731113,NA
553,FK 866,-0.21302557,-0.20210046,NA
554,Danazol,-0.21300862,-0.23046881,-0.21365417
555,MLS000581978,-0.21298078,-0.208349,NA
556,Tofacitinib,-0.21286707,NA,NA
557,IN1128,-0.2128343,NA,NA
558,BRD-K86535717,-0.21283364,-0.20658524,NA
559,N-[4-(1-Benzoylpiperidin-4-yl)butyl]-3-pyridin-3-ylpropanamide,-0.21272125,-0.21717589,-0.20814761
560,LY2334737,-0.21271272,-0.20035265,NA
561,AC1M43RN,-0.21251032,-0.20866647,NA
562,Glyburide,-0.2123793,-0.23670719,-0.21775736
563,BRD-K22754681,-0.21229635,-0.23763878,NA
564,PF477736,-0.21226768,NA,NA
565,YK 4-279,-0.21219713,-0.2220533,NA
566,MLS002607804,-0.21208411,NA,NA
567,"4-(4-Phenylphenoxy)benzene-1,2-dicarbonitrile",-0.21201727,NA,-0.22514211
568,Nicardipine,-0.21192348,-0.20908975,NA
569,Norketamine,-0.21173022,-0.21005967,NA
570,Opipramol,-0.2116917,-0.21702765,NA
571,Vardenafil,-0.21136371,NA,-0.20552826
572,UK 356618,-0.21133479,-0.24666971,-0.23374842
573,NCGC00167821-01,-0.21123872,-0.23535907,NA
574,BRD-K39504007,-0.21122851,-0.20784702,NA
575,Losmapimod,-0.21116399,-0.21500639,-0.29537717
576,BRD-K74656908,-0.21081973,-0.21545404,-0.22139625
577,BRD-K28925416,-0.21076446,NA,NA
578,BRD-K02969269,-0.21074963,-0.25913401,NA
579,Ivacaftor (VX-770),-0.21023459,NA,NA
580,BRD-K82399474,-0.21021954,NA,NA
581,F1566-0341,-0.2102139,NA,NA
582,BRD-K98240084,-0.21001074,NA,NA
583,Regorafenib,-0.20990262,NA,NA
584,Flunisolide,-0.20987256,NA,-0.20968984
585,Mafenide,-0.20977002,-0.218379,NA
586,CHEMBL3109371,-0.20963953,-0.25605922,NA
587,BRD-K81123598,-0.20958815,NA,NA
588,Cholrphenethazine,-0.20937363,NA,NA
589,D-Erythro-MAPP,-0.20936242,-0.22831305,NA
590,ACON1_001667,-0.20928174,-0.23232081,-0.21469708
591,CHEMBL3188944,-0.20891662,NA,NA
592,(-)-Lobeline,-0.20880444,NA,-0.26017048
593,KU0060648,-0.20873394,NA,NA
594,DICUMAROL,-0.20866505,-0.2131572,NA
595,CHEMBL2356693,-0.20862498,-0.20290222,NA
596,AG1295,-0.20862287,-0.21762463,-0.24280307
597,BRD-K45758869-001-01-3,-0.20856595,-0.23624308,NA
598,4-(Trans-4-butylcyclohexyl)benzoic acid,-0.2084327,-0.26210485,-0.20988215
599,"Tropanyl-3,5-dimethylbenzoate",-0.20829617,-0.23294959,NA
600,BRD-K72462994,-0.20821083,NA,NA
601,PF-04620110,-0.20794944,-0.21097496,-0.25529883
602,2-Bromo-n-[3-(pentanoylamino)phenyl]benzamide,-0.20793082,-0.21895471,-0.23347324
603,BRD-K20758354,-0.20789369,NA,NA
604,SCHEMBL15422014,-0.20781381,NA,NA
605,WZ3105,-0.20780559,-0.2239654,-0.2370966
606,Cytosporone B,-0.20778781,-0.20837262,NA
607,Reparixin,-0.20774882,-0.2071086,NA
608,BRD-K67118123,-0.20766344,-0.21777171,NA
609,Troglitazone,-0.20761949,-0.22372632,NA
610,"4-(3-Ethyl[1,2,4]triazolo[3,4-b][1,3,4]thiadiazol-6-yl)aniline",-0.20750182,NA,NA
611,Azelastine,-0.20728409,NA,NA
612,Penciclovir,-0.20724823,NA,NA
613,AO-081/15245014,-0.20724307,-0.20515762,-0.24389321
614,ZINC00969081,-0.20709866,-0.21310448,NA
615,"2,3',4,5'-Tetramethoxystilbene",-0.20695911,-0.2074201,NA
616,Ricolinostat,-0.20694575,-0.23689718,NA
617,Noscapine,-0.20689826,-0.22685596,NA
618,Alvocidib,-0.2067852,NA,-0.23562083
619,CHEMBL1374544,-0.20672561,-0.20881557,NA
620,Oxetane,-0.20666319,NA,NA
621,SAN1_014122,-0.20666117,-0.25721192,-0.2078124
622,Tipifarnib,-0.20643767,-0.21284432,NA
623,MLS003370629,-0.2062381,-0.24229588,NA
624,BRD-K62659735,-0.20608363,-0.23854231,NA
625,L-Sulforaphane,-0.20596214,-0.21645788,NA
626,SCHEMBL13991002,-0.20595202,-0.22836958,-0.22621822
627,"ABT-888,VELIPARIB",-0.20584214,NA,NA
628,S1RA (hydrochloride),-0.20579499,-0.22337593,NA
629,CHEMBL2139002,-0.20576199,-0.20992132,NA
630,Tiotidine,-0.20573234,-0.24103434,NA
631,MLS001207806,-0.20558485,-0.23939519,NA
632,MLS000703473,-0.2053848,NA,NA
633,SDZ NKT 343,-0.20534714,NA,NA
634,BRD-K49988555,-0.20533194,-0.22893202,-0.24473349
635,Primidone,-0.20511915,NA,NA
636,Buthionine Sulfoxime,-0.20495828,-0.23295356,-0.25556323
637,WYE 125132,-0.20486117,NA,NA
638,C-Fms Inhibitor,-0.2048433,-0.2048786,NA
639,"6-(7-Hydroxy-6,7-dihydro-5H-pyrrolo[1,2-c]imidazol-7-yl)-n-methyl-2-naphthamide",-0.2047803,-0.22198596,NA
640,GW441756X,-0.20476578,NA,NA
641,NCGC00170564-01,-0.20472091,-0.21745636,NA
642,Gly-Gly-Palo,-0.20468031,NA,NA
643,BRD-K68849294,-0.2045631,NA,NA
644,CHEMBL1270413,-0.20448672,-0.23201205,NA
645,Nicotin-Amide,-0.20424906,-0.20213981,-0.2390758
646,BRD-K41115759,-0.204241,NA,NA
647,6998-75-0,-0.20424018,NA,NA
648,IN1549,-0.20405437,NA,NA
649,Rita,-0.20395175,-0.23223375,NA
650,CHEMBL2357936,-0.20384447,NA,NA
651,CID-2858522,-0.203633,NA,NA
652,HMS3268H18,-0.20359394,-0.22698983,-0.22009841
653,CHEMBL2355883,-0.20356839,NA,NA
654,Chaetocin,-0.20349472,-0.20429323,-0.22845886
655,ZG-10,-0.20348846,NA,NA
656,BS-181,-0.20347864,NA,-0.20250978
657,CX-4945 (Silmitasertib),-0.20344563,NA,NA
658,ZINC03978045,-0.20340081,NA,NA
659,Formoterol,-0.20339648,NA,NA
660,Cilostazol,-0.20321941,-0.2021403,NA
661,Daminozide,-0.20318873,-0.22947795,NA
662,"1-(4-Amino-1,2,5-oxadiazol-3-yl)-5-(azepan-1-ylmethyl)-n-[(2-ethoxyphenyl)methylideneamino]triazole-4-carboxamide",-0.20312252,-0.25385008,NA
663,MLS003587254,-0.20309418,-0.216118,-0.23172319
664,BMS-777607,-0.20279278,-0.21418472,NA
665,Penicillic acid,-0.20271089,NA,NA
666,BRD-K15428056,-0.20268406,-0.22487732,-0.23089176
667,3-(4-Pyridyl)indole,-0.20241127,-0.24337905,NA
668,Cnqx,-0.20239228,-0.2028516,-0.31236303
669,BRD-K72381041,-0.2022154,NA,NA
670,MLS001060818,-0.20220218,NA,NA
671,SMR000162699,-0.20196838,NA,NA
672,SA-103006,-0.20194059,NA,NA
673,Oxalomalicacid,-0.20188323,NA,NA
674,SEW00445,-0.20175523,NA,-0.24431533
675,Thiabendazole,-0.20175301,-0.22903817,NA
676,181144-66-1,-0.2017173,NA,NA
677,FLUDARABINE PHOSPHATE,-0.20167465,NA,NA
678,BAS 09531330,-0.20162426,NA,NA
679,ABT-751,-0.20158905,NA,-0.22712855
680,"Ethyl {3-[(3,5-dimethoxybenzoyl)amino]phenyl}carbamate",-0.20154191,-0.24640961,NA
681,Midodrine,-0.20148806,-0.22615618,-0.27333113
682,Cefdinir,-0.2014495,-0.23644373,NA
683,BRD-K50388960,-0.20141021,NA,NA
684,Medetomidine,-0.20115115,NA,-0.25022303
685,BRD-K78496556,-0.20113946,-0.20033295,NA
686,MK-2461,-0.2010366,NA,NA
687,CYM50199,-0.20102373,-0.24381343,-0.23189821
688,STK064652,-0.20096201,-0.20442941,NA
689,BRD-K30267135,-0.20063208,NA,NA
690,MLS002264406,-0.20060807,NA,NA
691,MLS002699817,-0.20056387,-0.22283573,NA
692,Topiramate,-0.20051538,NA,-0.22628997
693,Epothilone A,-0.2005144,NA,NA
694,Zolantidine,-0.20049158,NA,NA
695,SPECTRUM1505034,-0.20044886,NA,NA
696,Dactolisib,-0.20037228,NA,-0.2092976
697,QL47,-0.20029491,-0.20241309,NA
698,GSK-3 Inhibitor II,-0.20026912,-0.21649561,-0.22820047
699,SKF-83566,-0.20024976,-0.21567837,NA
700,Tadalafil,-0.2002133,NA,NA
701,Ondansetron,-0.20016255,-0.2245413,NA
702,Isoflupredone Acetate,-0.20013647,NA,NA
703,MLS002454457,-0.2001054,-0.23637608,NA
704,DH 97,-0.20005484,NA,NA
705,Valproic acid,-0.20004977,NA,-0.26597704
706,Omecamtiv mecarbil (CK-1827452),-0.20000899,-0.21133878,NA
707,CHEMBL364005,-0.20000412,-0.20300936,NA
708,SCHEMBL3958507,NA,-0.28896218,-0.26083325
709,VU0366968-1,NA,-0.26483992,NA
710,apigenin,NA,-0.25993085,-0.22964452
711,SR57227A,NA,-0.25648954,-0.23107757
712,ST50591990,NA,-0.25076217,-0.27220235
713,869288-64-2,NA,-0.25043744,NA
714,BRD-K39921295,NA,-0.25037144,-0.29415073
715,DL-Tryptophan,NA,-0.24969524,NA
716,Enalapril,NA,-0.24820749,-0.23162594
717,MLS002264501,NA,-0.24756333,NA
718,Fenobam,NA,-0.24536567,-0.2489281
719,BRD-K23438281,NA,-0.24497552,-0.20887486
720,AC1NUQQY,NA,-0.24367476,-0.22536355
721,FR-180204,NA,-0.24318496,-0.24416274
722,Val-Val-Val,NA,-0.24306107,NA
723,32703-82-5,NA,-0.2430461,-0.20841519
724,Mycophenolate Mofetil,NA,-0.24296677,NA
725,Withaferin A,NA,-0.24260053,-0.23758694
726,GSK 3BETA Inhibitor VIII,NA,-0.24232668,-0.25690794
727,AC1O9B20,NA,-0.23966749,NA
728,Diethylstilbestrol,NA,-0.23915085,-0.26209016
729,MLS002264500,NA,-0.2376501,NA
730,BRD-K37618507,NA,-0.23712171,NA
731,PIK-93,NA,-0.23619571,NA
732,EMD-41000,NA,-0.23528997,NA
733,BRD-K24754728,NA,-0.23483587,NA
734,BRD-K34387287,NA,-0.23380601,NA
735,MLS003129491,NA,-0.23343792,NA
736,282089-49-0,NA,-0.23292677,-0.22701121
737,Chloroquine,NA,-0.23287412,-0.22382177
738,"ethyl 6-(2,3-dihydro-1H-indol-1-ylmethyl)-4-(3-nitrophenyl)-2-oxo-1,2,3,4-tetrahydro-5-pyrimidinecarboxylate",NA,-0.23213821,-0.21452093
739,BMS 191011,NA,-0.23197638,NA
740,MLS003448167,NA,-0.23197424,NA
741,Veliparib,NA,-0.23138728,-0.22099336
742,BRD-K35247118,NA,-0.23129587,NA
743,CHEMBL1700681,NA,-0.22941895,-0.21151513
744,60559-98-0,NA,-0.22934291,NA
745,CHEMBL610781,NA,-0.22926815,-0.32783553
746,4-Methylhistamine,NA,-0.22826658,-0.20322207
747,Bemegride,NA,-0.22798574,-0.30957965
748,BRD-K42694358,NA,-0.22796176,NA
749,CHEMBL3186940,NA,-0.2278143,NA
750,SMR000075319,NA,-0.22691757,NA
751,VU0366037-2,NA,-0.22669943,NA
752,Bicalutamide,NA,-0.22615959,NA
753,VU0447134-2,NA,-0.22532207,-0.20963016
754,SMR000390896,NA,-0.22531765,NA
755,Glimepiride,NA,-0.2252599,NA
756,Glimepiride,NA,-0.2252599,NA
757,Tolazamide,NA,-0.22508064,-0.23059498
758,Fluoropyruvate,NA,-0.22496766,NA
759,BRD-K41280229,NA,-0.22426174,NA
760,Motesanib,NA,-0.22408763,NA
761,ZINC01041848,NA,-0.22391099,NA
762,Diethyltoluamide,NA,-0.22376366,-0.20947058
763,SCHEMBL6468298,NA,-0.22264796,NA
764,SJ 172550,NA,-0.22238961,-0.24644733
765,Reichsteins Substance S,NA,-0.22236754,-0.22417402
766,BRD-A81936046,NA,-0.22217256,NA
767,MLS001065848,NA,-0.22191276,NA
768,SCHEMBL17457462,NA,-0.22153951,NA
769,MLS006011051,NA,-0.2212924,NA
770,SPB02137,NA,-0.22127248,NA
771,ZINC02419385,NA,-0.22054577,NA
772,CL-82198,NA,-0.22050247,NA
773,SA-97343,NA,-0.22046963,NA
774,CHEMBL1698064,NA,-0.22022475,NA
775,"5-(2,4,5-Trihydroxybenzyl)imidazolidine-2,4-dione",NA,-0.22011888,NA
776,SRC Kinase Inhibitor II,NA,-0.22011536,NA
777,BRD-K53592093-001-01-3,NA,-0.21988896,-0.22749555
778,Zatebradine,NA,-0.2197299,NA
779,IN1541,NA,-0.21953113,NA
780,Picotamide,NA,-0.21952838,-0.20391677
781,Promazine,NA,-0.21919113,-0.21731361
782,Meclofenamic acid,NA,-0.2190196,NA
783,BRD-K86843304,NA,-0.21883719,NA
784,BRD-K25989007,NA,-0.21879972,NA
785,BRD-K87175237,NA,-0.21871493,NA
786,SCHEMBL15422533,NA,-0.2187083,-0.26512195
787,CHEMBL475341,NA,-0.21847435,NA
788,STK151112,NA,-0.21791583,NA
789,"13-Hydroxy-8,14,19-trimethoxy-4,10,12,16-tetramethyl-3,20,22-trioxo-2-azabicyclo[16.3.1]docosa-1(21),4,6,10,18-pentaen-9-yl carbamate",NA,-0.21770897,NA
790,Pergolide,NA,-0.2176418,NA
791,Benzamil,NA,-0.21758523,NA
792,NU-7441,NA,-0.21751742,NA
793,Memantine,NA,-0.21744277,NA
794,Memantine,NA,-0.21744277,NA
795,CHEMBL567340,NA,-0.21700276,-0.20647172
796,MLS000709026,NA,-0.21691513,NA
797,Ubenimex,NA,-0.21664606,-0.25437107
798,Enzastaurin,NA,-0.21664375,NA
799,Bapta-AM,NA,-0.21659888,NA
800,BRD-K94390774,NA,-0.21609925,NA
801,SB239063,NA,-0.21585659,-0.23848479
802,Molindone,NA,-0.21584716,NA
803,ST50813754,NA,-0.21556695,NA
804,BMY-7378,NA,-0.2152298,NA
805,SCHEMBL13401107,NA,-0.21490057,-0.20971133
806,Diethylcarbamazine,NA,-0.21487334,NA
807,BCB03_000153,NA,-0.21475766,-0.20904267
808,CHEMBL83092,NA,-0.21462286,-0.23968495
809,AC1LPBDT,NA,-0.21424757,NA
810,BRD-K60636255,NA,-0.21395911,NA
811,Brucinum,NA,-0.21393714,NA
812,YM-09151-2,NA,-0.21368433,NA
813,BRD-K85158753,NA,-0.21365561,NA
814,SPECTRUM_000898,NA,-0.21359149,NA
815,BRD-K88373420,NA,-0.21344477,-0.24422475
816,Timolol,NA,-0.21344035,NA
817,GW3965,NA,-0.21328309,NA
818,"2-(1,3-Benzoxazol-2-ylsulfanyl)-n-(2-methoxyphenyl)acetamide",NA,-0.21304346,NA
819,MK-5108,NA,-0.21301113,-0.20902202
820,KUC111109N,NA,-0.21291454,NA
821,CHEMBL2136735,NA,-0.21291274,NA
822,Etifenin,NA,-0.2127649,NA
823,Fluspirilene,NA,-0.21272946,NA
824,BRD-K99581804-001-01-2,NA,-0.2125415,NA
825,CHEMBL2361224,NA,-0.21251257,NA
826,Rilmenidine,NA,-0.21246217,NA
827,ST059620,NA,-0.21236017,NA
828,201943-63-7,NA,-0.2123509,-0.24468992
829,CHEMBL1270915,NA,-0.21233984,NA
830,BRD-K38599483,NA,-0.21229142,NA
831,CHEMBL2361406,NA,-0.2122488,NA
832,CHEMBL1407957,NA,-0.21183369,-0.20075561
833,Imiquimod,NA,-0.21179051,NA
834,SB-202190,NA,-0.21142026,NA
835,AC1Q5RFA,NA,-0.21125268,NA
836,STF62247,NA,-0.21117227,NA
837,Ttnpb,NA,-0.21104756,NA
838,BRD-K35210537,NA,-0.21099375,NA
839,KUC104218,NA,-0.21095707,-0.20484382
840,MLS-0435438.0001,NA,-0.21026472,NA
841,3-Aminobenzamide,NA,-0.21011676,-0.25162302
842,BRD-K80368509,NA,-0.21001507,NA
843,CHEMBL461622,NA,-0.20998695,-0.20636621
844,Levocabastine,NA,-0.20995591,NA
845,TPCA-1,NA,-0.20975868,NA
846,BRD-8899,NA,-0.20965452,NA
847,BRD-K43579410,NA,-0.20962942,NA
848,BRD-K76925500,NA,-0.20961522,NA
849,BRD-K91614993,NA,-0.20957443,NA
850,MLS002264485,NA,-0.20946944,NA
851,CHEMBL1413238,NA,-0.20934143,-0.22337572
852,BRD-K46295497,NA,-0.20931789,-0.20818403
853,NVP-AEW541,NA,-0.2089228,-0.21541148
854,SA-1919584,NA,-0.20873247,NA
855,BRD-K20178228,NA,-0.20869088,-0.25425143
856,Ivachtin,NA,-0.20843473,-0.21653794
857,BIO2_000792,NA,-0.20839605,NA
858,CHEMBL3188110,NA,-0.20835809,-0.22122654
859,Narlaprevir,NA,-0.20827503,NA
860,Verapamil,NA,-0.20827352,NA
861,Torsemide,NA,-0.20809237,NA
862,Scoulerine,NA,-0.20804567,NA
863,MLS003079541,NA,-0.20801857,-0.23534
864,SUGA1_010064,NA,-0.20799623,NA
865,BRD-K61001510,NA,-0.2079929,NA
866,YL-54,NA,-0.20773232,NA
867,Pyrazolanthrone,NA,-0.20769172,-0.23932388
868,MLS002264496,NA,-0.2075343,NA
869,Biperiden,NA,-0.20741408,NA
870,Dexrazoxane,NA,-0.20739038,NA
871,L-690330,NA,-0.20733614,NA
872,CHEMBL2143818,NA,-0.20727555,-0.23136892
873,I-BET151,NA,-0.20708662,-0.24597997
874,N-(5-Chloro-2-hydroxyphenyl)-2-ethoxybenzamide,NA,-0.20706548,NA
875,ITSA-1,NA,-0.20685719,-0.21017258
876,Sulfacetamide,NA,-0.20679288,NA
877,AKOS009208379,NA,-0.20675166,NA
878,BRD-K83920942,NA,-0.20653567,NA
879,Enzalutamide,NA,-0.20635344,NA
880,Securinine,NA,-0.20632882,-0.22993065
881,Securinine,NA,-0.20632882,-0.22993065
882,Securinine,NA,-0.20632882,-0.22993065
883,Securinine,NA,-0.20632882,-0.22993065
884,Guggulsterone,NA,-0.20619247,NA
885,Quinidine,NA,-0.20611059,NA
886,SA-85377,NA,-0.20551846,-0.21737379
887,BRD-K23781896,NA,-0.20551735,NA
888,Tyrphostin 25,NA,-0.20544289,NA
889,Promethazine,NA,-0.20536703,NA
890,STK199030,NA,-0.20514407,NA
891,MLS-0226099.0001,NA,-0.20510358,-0.2267974
892,GDC-0068,NA,-0.20500159,NA
893,BRD-K05469482,NA,-0.20498827,NA
894,Abiraterone,NA,-0.20493854,NA
895,CICLESONIDE,NA,-0.20471801,NA
896,Ramipril,NA,-0.20464557,NA
897,MLS001060840,NA,-0.20460517,NA
898,Rufinamide,NA,-0.20434978,NA
899,2-(2-Aminoethyl)pyridine,NA,-0.20431978,NA
900,CHEMBL2152358,NA,-0.20411052,-0.22869138
901,CHEMBL1270505,NA,-0.20406606,NA
902,CHEMBL2144846,NA,-0.2039513,NA
903,PK04_096316,NA,-0.20381008,NA
904,Desacetoxymatricarin,NA,-0.20376358,NA
905,Hydroxyprogesterone Caproate,NA,-0.2037052,NA
906,BRD-K49417484,NA,-0.20366955,NA
907,CHEMBL586058,NA,-0.20359619,NA
908,JNK-IN-2,NA,-0.20357144,-0.24540223
909,MLS001150507,NA,-0.20348705,-0.20229937
910,TG100-115,NA,-0.20347506,NA
911,CAM-9-021,NA,-0.20330083,NA
912,CCG-208038,NA,-0.20320303,NA
913,MLS001060859,NA,-0.20317785,NA
914,Piplartine,NA,-0.20294545,-0.22372887
915,BRD-K08829932,NA,-0.20279247,NA
916,JTE 013,NA,-0.20278298,-0.21987573
917,MLS000773738,NA,-0.20272672,NA
918,BRD-K64402699,NA,-0.2027088,NA
919,Etanidazole,NA,-0.20262757,NA
920,(+)-Taxifolin,NA,-0.2025307,NA
921,Aniracetam,NA,-0.20251289,NA
922,BRD-K76047634,NA,-0.20250973,NA
923,CHEMBL1271323,NA,-0.2023783,NA
924,BRD-K39376673-001-02-6,NA,-0.20229536,NA
925,MLS002474002,NA,-0.20226068,NA
926,MLS-0435557.0001,NA,-0.20223656,NA
927,BRD-K16401691,NA,-0.20200289,NA
928,SCHEMBL6668531,NA,-0.20193236,NA
929,"N-(6-Butyl-1,3-benzothiazol-2-yl)thiophene-2-carboxamide",NA,-0.20173932,NA
930,MLS003130223,NA,-0.2017283,NA
931,BRD32048,NA,-0.20157218,NA
932,CP93129,NA,-0.20150579,NA
933,APIXABAN,NA,-0.20149045,NA
934,MLS002264470,NA,-0.20147972,NA
935,MW-SHH-61,NA,-0.20125368,-0.24859524
936,ZINC01045466,NA,-0.20113223,NA
937,CHEMBL3400874,NA,-0.20088982,NA
938,Tubacin,NA,-0.20088444,NA
939,T091317,NA,-0.20063404,NA
940,N-Arachidonoyl-gaba (na-gaba),NA,-0.20041353,NA
941,Phenylbutanoic acid,NA,-0.20030959,NA
942,BRD-K37127287,NA,-0.20025326,NA
943,MLS002607683,NA,-0.20025116,NA
944,BRD-K10143126,NA,-0.20018643,NA
945,Etofylline,NA,-0.200161,-0.22466938
946,SYK Inhibitor,NA,-0.20016064,NA
947,"2-(4-Chlorophenyl)-6-(methylthio)-4-oxo-3,4-dihydro-2H-1,3-thiazine-5-carbonitrile",NA,-0.20007993,-0.20160181
948,KUC104226,NA,-0.2000476,-0.2121856
949,Vorinostat,NA,NA,-0.30244978
950,"1-(1,3-Benzodioxol-5-ylcarbonyl)piperidine",NA,NA,-0.30239593
951,Neurodazine,NA,NA,-0.29787233
952,6266-99-5,NA,NA,-0.29254872
953,AZD-8330,NA,NA,-0.29093187
954,Tosedostat,NA,NA,-0.2901247
955,Pramipexole,NA,NA,-0.28916609
956,TG 100801,NA,NA,-0.28878689
957,Aliskiren,NA,NA,-0.28735558
958,Entacapone,NA,NA,-0.28422888
959,Esmolol,NA,NA,-0.28336994
960,Labetalol,NA,NA,-0.28210384
961,Halcinonide,NA,NA,-0.2820417
962,2-Amino-3-(4-hydroxy-1H-indol-3-yl)propanoic acid,NA,NA,-0.28018632
963,PD-0325901,NA,NA,-0.27997021
964,Cholic acid,NA,NA,-0.27798055
965,Brefeldin A,NA,NA,-0.27677275
966,Brefeldin A,NA,NA,-0.27677275
967,SMR000002300,NA,NA,-0.27515862
968,Fosfomycin Tromethamine,NA,NA,-0.27475775
969,BRD-K91600270,NA,NA,-0.27381463
970,STK219801,NA,NA,-0.27378446
971,Lysylphenylalanyltyrosine,NA,NA,-0.27355902
972,BMS-387032,NA,NA,-0.27316406
973,Skiii,NA,NA,-0.27260701
974,Orphenadrine,NA,NA,-0.27136697
975,Tyrphostin AG-1478,NA,NA,-0.2699149
976,Cladribine,NA,NA,-0.26959944
977,CHEMBL2361244,NA,NA,-0.26738496
978,Amlexanox,NA,NA,-0.26664685
979,BRD-K86948282,NA,NA,-0.26226675
980,Carvedilol,NA,NA,-0.26206488
981,CLONAZEPAM,NA,NA,-0.2620116
982,"4,11-Diethyl-4,9-dihydroxy-1H-pyrano[3',4':6,7]indolizino[1,2-b]quinoline-3,14(4H,12H)-dione",NA,NA,-0.26173211
983,Rucaparib,NA,NA,-0.26139862
984,Fenbendazole,NA,NA,-0.26127985
985,Licochalcone A,NA,NA,-0.26121785
986,C24H30O6,NA,NA,-0.26091135
987,BRD-K63494246,NA,NA,-0.26075868
988,Immepip,NA,NA,-0.26070373
989,Irinotecan,NA,NA,-0.26008863
990,PNU-74654,NA,NA,-0.25996193
991,SMR000031368,NA,NA,-0.25935513
992,Fluprostenol,NA,NA,-0.25906847
993,CGP 60474,NA,NA,-0.25878205
994,Chlorambucil,NA,NA,-0.25842103
995,Paroxetine,NA,NA,-0.25814352
996,Ketotifen,NA,NA,-0.25803695
997,BRD-K87536251,NA,NA,-0.25796797
998,Semaxanib,NA,NA,-0.25795736
999,BRD-K46766834,NA,NA,-0.25736159
1000,BRD-K72055444,NA,NA,-0.25681188
1001,vincristine,NA,NA,-0.25615238
1002,BRD-K40123546,NA,NA,-0.25612547
1003,chlormadinone-acetate,NA,NA,-0.25595395
1004,BRD-K62732905,NA,NA,-0.25577405
1005,Apigenin,NA,NA,-0.25555929
1006,TRAP-101,NA,NA,-0.25542594
1007,Pentamidine,NA,NA,-0.25506759
1008,Mitoxantrone,NA,NA,-0.25489317
1009,BRD-K00429057,NA,NA,-0.25458262
1010,Cyclosporin A,NA,NA,-0.2545417
1011,Cyclosporin A,NA,NA,-0.2545417
1012,Fexofenadine,NA,NA,-0.25453912
1013,MBX-2982,NA,NA,-0.2541166
1014,DMP-543,NA,NA,-0.2539911
1015,CAY10603,NA,NA,-0.25397567
1016,BRD-K60477859,NA,NA,-0.25365098
1017,AS-605240,NA,NA,-0.25321578
1018,Ipatasertib,NA,NA,-0.25234542
1019,AC1Q6JJ5,NA,NA,-0.25177168
1020,CHEMBL1290246,NA,NA,-0.25130407
1021,CHEMBL520231,NA,NA,-0.25110419
1022,Loxapine,NA,NA,-0.25045395
1023,BRD-K89194506,NA,NA,-0.25034235
1024,CEP-32496,NA,NA,-0.25030204
1025,BRD-K64877338,NA,NA,-0.24990675
1026,BRD-K01335708,NA,NA,-0.24947344
1027,Guanadrel,NA,NA,-0.24935051
1028,Lafutidine,NA,NA,-0.2491232
1029,Meadacid,NA,NA,-0.24905005
1030,CHEMBL1271220,NA,NA,-0.24886501
1031,Selumetinib,NA,NA,-0.2488454
1032,Lexibulin,NA,NA,-0.24867199
1033,Chlorprothixene,NA,NA,-0.24849564
1034,Chlorprothixene,NA,NA,-0.24849564
1035,Rimonabant,NA,NA,-0.24785545
1036,Equilin,NA,NA,-0.24732284
1037,SN-38,NA,NA,-0.24694175
1038,SMR000651449,NA,NA,-0.24655506
1039,(+)-Camptothecin,NA,NA,-0.24618854
1040,BRD-K01604352,NA,NA,-0.24554097
1041,BRD-K75091523,NA,NA,-0.24536735
1042,CARGLUMIC ACID,NA,NA,-0.24518059
1043,BRD-K19399946,NA,NA,-0.24510921
1044,MLS001214919,NA,NA,-0.24481554
1045,Fedratinib,NA,NA,-0.24481053
1046,C23H24CLN3O5,NA,NA,-0.24475422
1047,NEFIRACETAM,NA,NA,-0.24473429
1048,Diclofensine (hydrochloride),NA,NA,-0.24470136
1049,Felodipine,NA,NA,-0.24459873
1050,BRD-K07125273,NA,NA,-0.24457978
1051,Olaparib,NA,NA,-0.24437461
1052,PJ34,NA,NA,-0.24410628
1053,"Forskolin, NKH477",NA,NA,-0.24397319
1054,PHA-767491,NA,NA,-0.24396491
1055,Rotenonic acid,NA,NA,-0.24355053
1056,BRD-A69421747,NA,NA,-0.24343424
1057,MD-041,NA,NA,-0.24337307
1058,BRD-K71746288,NA,NA,-0.24317066
1059,ETHYLENEDIAMINE TETRACETATE TETRA-ETHANOLAMINE,NA,NA,-0.24302124
1060,Lomerizine,NA,NA,-0.24274898
1061,NCGC00012961,NA,NA,-0.24269629
1062,SPECTRUM2_000920,NA,NA,-0.24251578
1063,BRD-K98062568,NA,NA,-0.2421174
1064,Perhexiline,NA,NA,-0.24163428
1065,MEK1/2 Inhibitor,NA,NA,-0.24150499
1066,Doxazosin,NA,NA,-0.2412283
1067,Hydroxycamptothecin,NA,NA,-0.24122168
1068,BRD-K37638153,NA,NA,-0.24092401
1069,PF431396,NA,NA,-0.24090296
1070,Pomalidomide,NA,NA,-0.24090045
1071,AZD-1775,NA,NA,-0.24080366
1072,BRD-K45845536,NA,NA,-0.24073914
1073,CHEMBL578162,NA,NA,-0.24069653
1074,Tubastatin A,NA,NA,-0.24050726
1075,Seliciclib,NA,NA,-0.24039463
1076,Nilotinib,NA,NA,-0.24038953
1077,Probenecid,NA,NA,-0.24025303
1078,CHEMBL1673039,NA,NA,-0.24011996
1079,Adapalene,NA,NA,-0.24004254
1080,UNC0638,NA,NA,-0.23971244
1081,Metoprolol,NA,NA,-0.23964691
1082,BRD-K90446118,NA,NA,-0.23930392
1083,4-Chloro-2-(imidazolin-2-yl)isoindoline,NA,NA,-0.2391799
1084,Arundine,NA,NA,-0.23917685
1085,KBIO3_002763,NA,NA,-0.23914456
1086,CHEMBL2143628,NA,NA,-0.23907839
1087,Benzohydroxamate,NA,NA,-0.23900102
1088,MLS001163538,NA,NA,-0.23859996
1089,Camptothecin,NA,NA,-0.23835688
1090,Castanospermine,NA,NA,-0.23834704
1091,Tetrahydrozoline,NA,NA,-0.23830118
1092,BRD-K73044562,NA,NA,-0.23781468
1093,Betamethasone Acetate,NA,NA,-0.23766316
1094,Amodiaquine,NA,NA,-0.23758534
1095,Moclobemide,NA,NA,-0.23740568
1096,Benzylamine,NA,NA,-0.23734289
1097,"(13S)-3-Hydroxy-13-methyl-7,8,9,11,12,14,15,16-octahydro-6H-cyclopenta[a]phenanthren-17-one",NA,NA,-0.23723759
1098,2-[(3-Carboxypropanoyl)amino]benzoic acid,NA,NA,-0.23706517
1099,AZD7545,NA,NA,-0.23674798
1100,AZD7545,NA,NA,-0.23674798
1101,N-[4-(Acridin-9-ylmethyl)-3-methoxyphenyl]methanesulfonamide,NA,NA,-0.23662634
1102,Tolcapone,NA,NA,-0.23652914
1103,Protionamide,NA,NA,-0.23650408
1104,Panobinostat,NA,NA,-0.23648784
1105,"Trichostatin A, Streptomyces Sp.",NA,NA,-0.23647164
1106,AGK 2,NA,NA,-0.2363969
1107,Pyridostigmine,NA,NA,-0.23633525
1108,Thiothixene,NA,NA,-0.23609744
1109,RU-24969,NA,NA,-0.23608961
1110,Ovasterol-beta,NA,NA,-0.2359921
1111,Methantheline,NA,NA,-0.2352432
1112,SR-02000000448,NA,NA,-0.23514891
1113,SPECTRUM_000886,NA,NA,-0.23508773
1114,R428,NA,NA,-0.23501085
1115,"Methyl-6,7-dimethoxy-4-ethyl-beta-carboline-3-carboxylate",NA,NA,-0.23481673
1116,BRD-K49452151,NA,NA,-0.23479536
1117,SPECTRUM_001418,NA,NA,-0.23470399
1118,JL-7-128,NA,NA,-0.23468818
1119,D-64131,NA,NA,-0.23434821
1120,TORIN1,NA,NA,-0.23392365
1121,CHEMBL552425,NA,NA,-0.23373879
1122,Toltrazuril,NA,NA,-0.23370961
1123,SMR000146610,NA,NA,-0.2335035
1124,Loxoprofen,NA,NA,-0.23330421
1125,Sarcolysin,NA,NA,-0.23329006
1126,"N-[2-(2-Chlorophenyl)-1,3-benzoxazol-5-yl]-2-(4-nitrophenoxy)acetamide",NA,NA,-0.2332836
1127,Propentofylline,NA,NA,-0.23327947
1128,Oxybenzone,NA,NA,-0.23310576
1129,C28H30CIN5O4S,NA,NA,-0.23269864
1130,SA-427636,NA,NA,-0.23249996
1131,BRD-K96403486,NA,NA,-0.23249693
1132,PF750,NA,NA,-0.23247629
1133,CHEMBL1612677,NA,NA,-0.23245418
1134,BRD-A01645196,NA,NA,-0.23235475
1135,Concneorine,NA,NA,-0.23183409
1136,Gemcitabine,NA,NA,-0.23159512
1137,Splitomicin,NA,NA,-0.2314751
1138,Dids,NA,NA,-0.2314017
1139,84215-10-1,NA,NA,-0.23128697
1140,ZINC13298321,NA,NA,-0.23124416
1141,BRD-K78787424,NA,NA,-0.23119902
1142,Zosuquidar,NA,NA,-0.23104476
1143,FH 535,NA,NA,-0.2310167
1144,Acivicin,NA,NA,-0.23098439
1145,Venlafaxine,NA,NA,-0.23083121
1146,Pimozide,NA,NA,-0.23079995
1147,Ricinine,NA,NA,-0.23076587
1148,SA-1457992,NA,NA,-0.23069401
1149,Propoxycaine,NA,NA,-0.23056142
1150,ZINC5751650,NA,NA,-0.23015946
1151,Teniposide,NA,NA,-0.22973602
1152,Aminolevulinic acid,NA,NA,-0.22961375
1153,Levobunolol,NA,NA,-0.22949415
1154,Robotnikinin,NA,NA,-0.22938314
1155,Broad-Sai-045,NA,NA,-0.22924917
1156,IPRATROPIUM BROMIDE,NA,NA,-0.22916083
1157,AMSACRINE,NA,NA,-0.22913484
1158,Histamine 2HCl,NA,NA,-0.22911868
1159,Quizartinib,NA,NA,-0.22910416
1160,BRD-K35801592,NA,NA,-0.22904324
1161,SPBIO_000926,NA,NA,-0.22874619
1162,Remoxipride,NA,NA,-0.2283571
1163,Ciprofloxacin,NA,NA,-0.22828174
1164,MGCD-265,NA,NA,-0.22823692
1165,SB 218795,NA,NA,-0.22812602
1166,1268524-70-4,NA,NA,-0.2281259
1167,Bosutinib,NA,NA,-0.22799611
1168,Indole-3-carbinol,NA,NA,-0.22790074
1169,BRD-A70541707,NA,NA,-0.22785519
1170,Radicicol,NA,NA,-0.22782903
1171,Quinoclamine,NA,NA,-0.22780636
1172,NCGC00170547-01,NA,NA,-0.22759679
1173,LGX818,NA,NA,-0.22758071
1174,Rifabutin,NA,NA,-0.227538
1175,Rifabutin,NA,NA,-0.227538
1176,Spermidine,NA,NA,-0.22739944
1177,SCHEMBL926625,NA,NA,-0.22702419
1178,SB-216763,NA,NA,-0.22692418
1179,TR-14035,NA,NA,-0.22685003
1180,SPECTRUM_000890,NA,NA,-0.22679745
1181,Entinostat,NA,NA,-0.22675284
1182,BRD-K97973721,NA,NA,-0.22662677
1183,NCGC00025322-01,NA,NA,-0.22650725
1184,MLS003153121,NA,NA,-0.22639711
1185,AC1NWAML,NA,NA,-0.22633689
1186,Valyltryptophan,NA,NA,-0.22621546
1187,CHEMBL2358392,NA,NA,-0.22609893
1188,MLS002607718,NA,NA,-0.2260955
1189,Broad-Sai-560,NA,NA,-0.22603429
1190,Androstenedione,NA,NA,-0.22601923
1191,GF-109203,NA,NA,-0.22601495
1192,Tonabersat,NA,NA,-0.22596594
1193,MLS002729052,NA,NA,-0.22567184
1194,Fluperlapine,NA,NA,-0.22566835
1195,Levocetirizine,NA,NA,-0.22563915
1196,MRE-269,NA,NA,-0.22560454
1197,Flurandrenolide,NA,NA,-0.22554027
1198,BRD-K25228014,NA,NA,-0.22548673
1199,BRD-K20200700,NA,NA,-0.22539632
1200,BRD-K32581454-001-01-5,NA,NA,-0.22537928
1201,BRD-A77864279,NA,NA,-0.2252781
1202,Calcitriol,NA,NA,-0.22517755
1203,Calcitriol,NA,NA,-0.22517755
1204,MLS002554298,NA,NA,-0.22493147
1205,BRD-K69603398,NA,NA,-0.22478196
1206,Broad-Sai-443,NA,NA,-0.22475659
1207,Pantoprazole,NA,NA,-0.22460874
1208,Piperine,NA,NA,-0.22437867
1209,Dopamine,NA,NA,-0.22424699
1210,Pirfenidone,NA,NA,-0.22421038
1211,U 46619,NA,NA,-0.22418465
1212,SA-1473405,NA,NA,-0.22402229
1213,Tetramisole,NA,NA,-0.22385428
1214,MLS001060837,NA,NA,-0.22377709
1215,CHEMBL1521956,NA,NA,-0.22375199
1216,BRD-K32593492,NA,NA,-0.22370786
1217,"3,5-Dimethoxy-n-(1H-1,2,4-triazol-3-yl)benzamide",NA,NA,-0.22367535
1218,CPI-613,NA,NA,-0.22363225
1219,Piperacetazine,NA,NA,-0.22357094
1220,Quinacrine,NA,NA,-0.22344767
1221,N-(2-Amino-phenyl)-nicotinamide,NA,NA,-0.22342845
1222,CHEMBL1716096,NA,NA,-0.22317967
1223,BRD-K45785972,NA,NA,-0.22314992
1224,BRD-K75845944,NA,NA,-0.22283082
1225,Nefopam,NA,NA,-0.22276441
1226,MLS003128614,NA,NA,-0.22257115
1227,CHEMBL259628,NA,NA,-0.22256893
1228,GDC-0834 (Racemate),NA,NA,-0.22252447
1229,Ticrynafen,NA,NA,-0.22251168
1230,PF-562271,NA,NA,-0.22238852
1231,BRD-K54285697,NA,NA,-0.22228324
1232,PF-03758309,NA,NA,-0.22228057
1233,Dorsomorphin,NA,NA,-0.22225694
1234,LY2940680,NA,NA,-0.22221856
1235,Nocodazole,NA,NA,-0.22217012
1236,Estradiol Valerate,NA,NA,-0.22215116
1237,Tipiracil (hydrochloride),NA,NA,-0.22177205
1238,Aminoglutethimide,NA,NA,-0.22172669
1239,CHEMBL1887751,NA,NA,-0.22171209
1240,Dexamethasone Acetate,NA,NA,-0.22157895
1241,Phenylbutazone,NA,NA,-0.22156025
1242,BRD-K05745188,NA,NA,-0.22146918
1243,Cobalt (Ii) Chloride,NA,NA,-0.22143561
1244,Mometasone Furoate,NA,NA,-0.22125756
1245,BRD-K46587586,NA,NA,-0.22103468
1246,LY288513,NA,NA,-0.22077212
1247,LY2228820,NA,NA,-0.2206195
1248,1-(Phenylsulfonyl)-1H-benzimidazol-2-amine,NA,NA,-0.22060844
1249,sorafenib,NA,NA,-0.22060843
1250,ACECAINIDE HYDROCHLORIDE,NA,NA,-0.22054251
1251,CHEMBL349641,NA,NA,-0.22054143
1252,Pidotimod,NA,NA,-0.22036683
1253,CHEMBL3186245,NA,NA,-0.22001887
1254,BRD-K21787371,NA,NA,-0.21991428
1255,Flutamide,NA,NA,-0.21988238
1256,BRD-K33384411,NA,NA,-0.21979684
1257,CHEMBL2356468,NA,NA,-0.21979581
1258,Dolasetron,NA,NA,-0.21977978
1259,Dolasetron,NA,NA,-0.21977978
1260,Nortriptyline,NA,NA,-0.2197121
1261,Cefaclor,NA,NA,-0.21962963
1262,AZD3514,NA,NA,-0.21958555
1263,Propantheline,NA,NA,-0.21950636
1264,CHEMBL2358575,NA,NA,-0.21945287
1265,Norethindrone,NA,NA,-0.21931021
1266,"6-Amino-1-[2-(3,4-dimethoxyphenyl)ethyl]-2-thioxo-2,3-dihydropyrimidin-4(1H)-one",NA,NA,-0.21919236
1267,AC1NAR46,NA,NA,-0.21919154
1268,C.I. MORDANT BLACK 11,NA,NA,-0.21918176
1269,Iobenguane,NA,NA,-0.21916178
1270,BRD-K59805090,NA,NA,-0.21915271
1271,R(+)-Terguride,NA,NA,-0.21881844
1272,Pracinostat,NA,NA,-0.21871164
1273,dactinomycin,NA,NA,-0.21865951
1274,Morin,NA,NA,-0.21862102
1275,CHEMBL568636,NA,NA,-0.21861642
1276,Parthenolide,NA,NA,-0.21858916
1277,Parthenolide,NA,NA,-0.21858916
1278,Diclofenac,NA,NA,-0.21831398
1279,BRD-K41390249,NA,NA,-0.21828011
1280,Curcumin,NA,NA,-0.21804493
1281,N-Nitrosodiethylamine,NA,NA,-0.21784252
1282,PCL2_000405,NA,NA,-0.21763094
1283,Pyridoxine,NA,NA,-0.21760422
1284,Sorafenib,NA,NA,-0.21753077
1285,Brivanib,NA,NA,-0.21739684
1286,Tizanidine,NA,NA,-0.21721591
1287,EX527,NA,NA,-0.21714204
1288,Spironolactone,NA,NA,-0.21711274
1289,BMS-509744,NA,NA,-0.21666304
1290,ZINC77024257,NA,NA,-0.21655163
1291,Mevastatin,NA,NA,-0.21651354
1292,BRD-K93330237,NA,NA,-0.21641986
1293,BRD-K28317853,NA,NA,-0.2164143
1294,AKT Inhibitor IV,NA,NA,-0.21640982
1295,BRD-K30511626,NA,NA,-0.21632905
1296,T6129388,NA,NA,-0.21631309
1297,Voglibose,NA,NA,-0.21612545
1298,BRD-K83727172,NA,NA,-0.2161236
1299,Dabrafenib,NA,NA,-0.21593681
1300,"3,7-Bis(dimethylamino)phenothiazin-5-ium",NA,NA,-0.21584305
1301,DMP 777,NA,NA,-0.21579225
1302,GNF-PF-5186,NA,NA,-0.21577838
1303,BRD-K22663811,NA,NA,-0.21576835
1304,MLS002729021,NA,NA,-0.21570651
1305,RS102895,NA,NA,-0.2156722
1306,BRD-K84586204,NA,NA,-0.21559347
1307,Gossypin,NA,NA,-0.21550043
1308,C24H25CLFN5O3,NA,NA,-0.2153751
1309,SC-560,NA,NA,-0.21531566
1310,CHEMBL2357067,NA,NA,-0.21531261
1311,Rosiglitazone,NA,NA,-0.21530685
1312,BRD-K29451642,NA,NA,-0.21527202
1313,Veliparib (ABT-888),NA,NA,-0.21506536
1314,Telotristat,NA,NA,-0.21504659
1315,Propafenone,NA,NA,-0.21501734
1316,L-694247,NA,NA,-0.21497935
1317,MLS002264494,NA,NA,-0.21480216
1318,PHNFXXZEKWQHDX-UHFFFAOYSA-N,NA,NA,-0.21478318
1319,DASA-58,NA,NA,-0.21467559
1320,BRD-K70663894,NA,NA,-0.21459432
1321,1-Methyl isoquinoline,NA,NA,-0.21451596
1322,CHEMBL3182395,NA,NA,-0.21436164
1323,Fluticasone Propionate,NA,NA,-0.21428446
1324,BRD-A24396574-001-01-5,NA,NA,-0.2142572
1325,Olprinone (Hydrochloride),NA,NA,-0.21420321
1326,GP 2A,NA,NA,-0.2141392
1327,STOCK1N-09285,NA,NA,-0.21405833
1328,BRD-K48296029,NA,NA,-0.21397026
1329,BSPBIO_001542,NA,NA,-0.21395932
1330,Epitestosterone,NA,NA,-0.21389462
1331,BRD-K77790153,NA,NA,-0.21386057
1332,BRD-K02964016,NA,NA,-0.21384102
1333,Thalidomide,NA,NA,-0.21376846
1334,Atipamezole (hydrochloride),NA,NA,-0.21372177
1335,"3,6-Dimethyl-9-[6-(oxiran-2-yl)-6-oxohexyl]decahydropyrrolo[1,2-a][1,4,7,10]tetraazacyclododecine-1,4,7,10-tetrone",NA,NA,-0.21352414
1336,AZD-1480,NA,NA,-0.21352316
1337,16-Epiestriol,NA,NA,-0.21347536
1338,IN1345,NA,NA,-0.21347345
1339,ZM-241385,NA,NA,-0.21346837
1340,SA-427228,NA,NA,-0.21333642
1341,Rebamipide,NA,NA,-0.21329712
1342,Bitopertin,NA,NA,-0.21326772
1343,BRD-K26899819,NA,NA,-0.2131432
1344,Butaclamol (+),NA,NA,-0.21309775
1345,CHEMBL1270003,NA,NA,-0.21307025
1346,Arachidonyl Trifluoromethylketone,NA,NA,-0.21304249
1347,MLS003126522,NA,NA,-0.21298131
1348,BRD-K08130208,NA,NA,-0.21295944
1349,Anacardic acid,NA,NA,-0.21289248
1350,Fentiazac,NA,NA,-0.21284185
1351,AZD-1152-HQPA,NA,NA,-0.21282784
1352,AC1NWAJL,NA,NA,-0.21264185
1353,Lithocholic acid,NA,NA,-0.21262768
1354,Phenprobamate,NA,NA,-0.21261698
1355,SMR001317659,NA,NA,-0.21259347
1356,AC1MJ3VH,NA,NA,-0.21253495
1357,Hexachlorophene,NA,NA,-0.21225788
1358,AC1LDJYQ,NA,NA,-0.21223525
1359,SKF-83959,NA,NA,-0.21218537
1360,SPECTRUM_001028,NA,NA,-0.21210954
1361,Deoxycholic acid,NA,NA,-0.21205643
1362,Diphenyleneiodonium,NA,NA,-0.21201479
1363,MLS000682490,NA,NA,-0.21199927
1364,Methylnorlichexanthone,NA,NA,-0.21196814
1365,RO-154513,NA,NA,-0.21190466
1366,CHEMBL277800,NA,NA,-0.21186669
1367,SR-2640,NA,NA,-0.21170398
1368,MST-312,NA,NA,-0.21152167
1369,Procysteine,NA,NA,-0.21147461
1370,BRD-K37226311,NA,NA,-0.21118866
1371,KUC104233,NA,NA,-0.21100432
1372,BRD-K14159335,NA,NA,-0.21085847
1373,GSK-1070916,NA,NA,-0.21083862
1374,Betahistine,NA,NA,-0.2107005
1375,KW-2449,NA,NA,-0.21068967
1376,CHEMBL1434137,NA,NA,-0.21062277
1377,Damnacanthal,NA,NA,-0.21051833
1378,BRD-K72061918,NA,NA,-0.21051297
1379,BRD-K73664775,NA,NA,-0.21050709
1380,PCI-34051,NA,NA,-0.21043976
1381,MLS005000107,NA,NA,-0.21038328
1382,Primaquine,NA,NA,-0.21026084
1383,SPECTRUM_000897,NA,NA,-0.21017955
1384,BRD-K09632545,NA,NA,-0.21015183
1385,PFI-1,NA,NA,-0.21010008
1386,Ruxolitinib,NA,NA,-0.2099965
1387,BRD-K35669573,NA,NA,-0.20988215
1388,MLS003221389,NA,NA,-0.20982401
1389,SPECTRUM3_001992,NA,NA,-0.20968322
1390,Progesterone,NA,NA,-0.2096313
1391,Lumicolchicine,NA,NA,-0.20961951
1392,Pelitinib,NA,NA,-0.2095916
1393,Nepafenac,NA,NA,-0.20958366
1394,GSK-2334470,NA,NA,-0.20956552
1395,SA-1939936,NA,NA,-0.20954074
1396,CHEMBL2362396,NA,NA,-0.20950315
1397,HG6-64-1,NA,NA,-0.20947681
1398,Osimertinib,NA,NA,-0.20939564
1399,Miconazole,NA,NA,-0.20922878
1400,RO-281675,NA,NA,-0.20913126
1401,BRD-K85967137,NA,NA,-0.209024
1402,CX-5461,NA,NA,-0.20901537
1403,Meisoindigo,NA,NA,-0.20898293
1404,Tretinoin,NA,NA,-0.20897535
1405,NCGC00166323-01,NA,NA,-0.20894454
1406,Broad-Sai-424,NA,NA,-0.2089314
1407,Rotenone,NA,NA,-0.2089153
1408,Megestrol,NA,NA,-0.2088696
1409,Tranylcypromine,NA,NA,-0.20884545
1410,BRD-K75416754,NA,NA,-0.20879564
1411,Ketorolac,NA,NA,-0.20856548
1412,BRD-K37510840,NA,NA,-0.20844148
1413,Mitotane,NA,NA,-0.20822792
1414,Quisinostat,NA,NA,-0.20810811
1415,Farnesylthioacetic acid,NA,NA,-0.20809094
1416,BRD-K18542345,NA,NA,-0.20797598
1417,SCHEMBL15556278,NA,NA,-0.20796537
1418,Gaboxadol,NA,NA,-0.20789658
1419,Dinaciclib,NA,NA,-0.20784022
1420,CHEMBL461194,NA,NA,-0.20781136
1421,Quercetin,NA,NA,-0.20777007
1422,MLS002607684,NA,NA,-0.20748486
1423,AMG 837 (calcium hydrate),NA,NA,-0.20743847
1424,Pyrimethamine,NA,NA,-0.20719387
1425,Apatinib Hydrochloride,NA,NA,-0.20702776
1426,201038-74-6,NA,NA,-0.20701837
1427,Doxorubicin,NA,NA,-0.2070172
1428,BRD-K66805710,NA,NA,-0.20699636
1429,BRD-K91572503,NA,NA,-0.20694166
1430,BRD-A25736793,NA,NA,-0.20691927
1431,CHROMOMYCIN-A3,NA,NA,-0.20690377
1432,Estriol,NA,NA,-0.20687105
1433,CHEMBL3187550,NA,NA,-0.20678295
1434,AK-968/11781209,NA,NA,-0.20676455
1435,Piceid,NA,NA,-0.20675319
1436,SCHEMBL16892136,NA,NA,-0.20674937
1437,Calpeptin,NA,NA,-0.20667966
1438,BRD-K17530818,NA,NA,-0.20665551
1439,BRD-K15559773,NA,NA,-0.20665528
1440,Dithiolethione,NA,NA,-0.20664778
1441,ZINC101150009,NA,NA,-0.20661093
1442,10-Undecenal,NA,NA,-0.20660612
1443,SMP2_000081,NA,NA,-0.20646752
1444,Ammonium Glycyrrhizinate,NA,NA,-0.20630442
1445,7-Hydroxyflavone,NA,NA,-0.2061298
1446,Allantoin,NA,NA,-0.20609724
1447,BRD-K03113036-001-01-9,NA,NA,-0.2060098
1448,BRD-K75081836,NA,NA,-0.20593491
1449,Flecainide,NA,NA,-0.2058741
1450,Sildenafil,NA,NA,-0.20577289
1451,STK721917,NA,NA,-0.20573211
1452,PP-30,NA,NA,-0.2056493
1453,AC1MEVG9,NA,NA,-0.20564581
1454,GP 1A,NA,NA,-0.20564267
1455,Acetaminophen,NA,NA,-0.20556999
1456,MLS002548990,NA,NA,-0.2055466
1457,Cpnq,NA,NA,-0.20549409
1458,BRD-K75145803,NA,NA,-0.20547231
1459,"2-(4,5-Dihydro-1H-imidazol-2-yl)quinoxaline",NA,NA,-0.20544933
1460,BRD-K91461129,NA,NA,-0.20534539
1461,Rebastinib,NA,NA,-0.20531653
1462,11K-629S,NA,NA,-0.20531339
1463,RO10-5824,NA,NA,-0.20523481
1464,BRD-K47586560,NA,NA,-0.20515885
1465,Betaxolol,NA,NA,-0.20510406
1466,YM 201636,NA,NA,-0.20508675
1467,ML216,NA,NA,-0.20506695
1468,"(1Ar,7as,10as,10br)-1a,5-Dimethyl-8-methylidene-2,3,6,7,7a,8,10a,10b-octahydrooxireno[9,10]cyclodeca[1,2-b]furan-9(1ah)-one",NA,NA,-0.20492775
1469,BRD-K73788182,NA,NA,-0.20484918
1470,Dimethisoquin,NA,NA,-0.2045815
1471,BRD-K65290386,NA,NA,-0.20453349
1472,BMS 641988,NA,NA,-0.20437349
1473,BRD-K51934037,NA,NA,-0.20433163
1474,Gemfibrozil,NA,NA,-0.20430199
1475,SPECTRUM_000090,NA,NA,-0.20430182
1476,Efavirenz,NA,NA,-0.20429072
1477,Altretamine,NA,NA,-0.20418464
1478,Lysergol,NA,NA,-0.20416437
1479,GSK-J2,NA,NA,-0.20413514
1480,Clofibrate,NA,NA,-0.20406138
1481,BRD-K90734091,NA,NA,-0.2039549
1482,BRD-K82021299,NA,NA,-0.20395289
1483,BSPBIO_001592,NA,NA,-0.20391799
1484,BAY 57-1293,NA,NA,-0.20388712
1485,APD668,NA,NA,-0.20388605
1486,Thiostrepton,NA,NA,-0.20388499
1487,Thiostrepton,NA,NA,-0.20388499
1488,VU0400193-3,NA,NA,-0.20383162
1489,SCHEMBL16980376,NA,NA,-0.20380488
1490,IDOXURIDINE,NA,NA,-0.20378174
1491,BRD-K87851508,NA,NA,-0.20374743
1492,Epirubicin,NA,NA,-0.20374487
1493,AZD4547,NA,NA,-0.20373001
1494,BRD-K80223377,NA,NA,-0.20362512
1495,MLS000519739,NA,NA,-0.20353809
1496,Cevimeline hydrochloride,NA,NA,-0.20349009
1497,TIC10,NA,NA,-0.20348614
1498,Ganciclovir,NA,NA,-0.20328712
1499,BRD-K00541818,NA,NA,-0.2032869
1500,SA-1973507,NA,NA,-0.20324331
1501,BRD-K76264608,NA,NA,-0.2032429
1502,Mupirocin,NA,NA,-0.20322122
1503,MEGXM0_000358,NA,NA,-0.20312978
1504,Aminopurvalanol,NA,NA,-0.2031075
1505,Cimetidine,NA,NA,-0.20303018
1506,SR-02000000346,NA,NA,-0.20292097
1507,"3,5-Bis(4-methylbenzylidene)piperidin-4-one",NA,NA,-0.20272801
1508,"3,5-Bis(4-methylbenzylidene)piperidin-4-one",NA,NA,-0.20272801
1509,AZD7687,NA,NA,-0.20271841
1510,MRS 1754,NA,NA,-0.20266906
1511,5-Methylfurmethide,NA,NA,-0.2025387
1512,Morphothebaine,NA,NA,-0.20251512
1513,BRD-K17645417,NA,NA,-0.20250903
1514,VU-0415556-1,NA,NA,-0.20249865
1515,SB590885,NA,NA,-0.20249196
1516,MLN-0128,NA,NA,-0.20247299
1517,Etoposide,NA,NA,-0.20241092
1518,Eicosatrienoic acid (20:3 n-3),NA,NA,-0.20238882
1519,Minoxidil,NA,NA,-0.20233214
1520,Rivaroxaban,NA,NA,-0.20231486
1521,Rivaroxaban,NA,NA,-0.20231486
1522,Ivabradine HCl,NA,NA,-0.20225333
1523,19-Norethindrone acetate,NA,NA,-0.20224898
1524,Temozolomide,NA,NA,-0.20224087
1525,PIK-75,NA,NA,-0.20218924
1526,BRD-A36275421,NA,NA,-0.2020603
1527,Medrysone,NA,NA,-0.20203984
1528,BRD-K31931379,NA,NA,-0.20201817
1529,AZ628,NA,NA,-0.20201272
1530,Etomoxir,NA,NA,-0.20199205
1531,BRD-A15493168-001-02-1,NA,NA,-0.20188613
1532,5-S-cysteinyl-dopa,NA,NA,-0.20153084
1533,CO-1686 (AVL-301),NA,NA,-0.20150579
1534,Lomitapide,NA,NA,-0.2014976
1535,BRD-K77793090,NA,NA,-0.20148476
1536,252916-29-3,NA,NA,-0.20148221
1537,BRD-K72772617,NA,NA,-0.20143583
1538,Amitriptyline,NA,NA,-0.20139666
1539,MLS001210968,NA,NA,-0.20138212
1540,CHEMBL82327,NA,NA,-0.2013633
1541,Hydrastinine,NA,NA,-0.20134099
1542,Androstenol,NA,NA,-0.20126992
1543,Triamterene,NA,NA,-0.20119761
1544,Hesperidin,NA,NA,-0.20111609
1545,Hesperidin,NA,NA,-0.20111609
1546,CGP-12177,NA,NA,-0.20102311
1547,Mebendazole,NA,NA,-0.20097277
1548,(S)-(-)-BAY K 8644,NA,NA,-0.20095654
1549,MLS002607768,NA,NA,-0.20085856
1550,BRD-K32605311,NA,NA,-0.2008353
1551,CHEMBL493153,NA,NA,-0.20081351
1552,Arglabin,NA,NA,-0.20072541
1553,STK205557,NA,NA,-0.20072452
1554,Warfarin,NA,NA,-0.20072042
1555,Ebselen,NA,NA,-0.20052165
1556,Closantel,NA,NA,-0.20051185
1557,Genistein,NA,NA,-0.20046537
1558,Sulfaquinoxaline,NA,NA,-0.20028398
1559,PG 490,NA,NA,-0.20018127
1560,Gossypetin,NA,NA,-0.20009136
1561,galantamine,NA,NA,-0.2000851