UniProt,rank_comet,rank_swiss,rank_pharm,n_lists,rrf,score,final_rank
P04035,8,1,1,3,0.047492767598842814,0.5474927675988428,1
O43924,1,6,NA,2,0.031544957774465976,0.281544957774466,2
P45452,7,7,NA,2,0.029850746268656716,0.2798507462686567,3
P19793,10,7,NA,2,0.029211087420042643,0.27921108742004264,4
P14780,14,7,NA,2,0.028438886647841874,0.2784388866478419,5
P08253,18,7,NA,2,0.027745885954841176,0.2777458859548412,6
P03956,33,7,NA,2,0.025678061306371368,0.27567806130637135,7
P08684,50,1,NA,2,0.02548435171385991,0.27548435171385993,8
P28845,NA,7,55,2,0.0236210253082414,0.2736210253082414,9
P14555,NA,7,56,2,0.02354606278950077,0.2735460627895008,10
Q13547,76,3,NA,2,0.023225957049486462,0.2732259570494865,11
Q92769,76,3,NA,2,0.023225957049486462,0.2732259570494865,11
P35222,61,7,NA,2,0.023189835944245715,0.27318983594424573,13
Q9UBN7,81,3,NA,2,0.022965214454576156,0.27296521445457617,14
P10828,NA,7,115,2,0.020639658848614073,0.2706396588486141,15
P10827,NA,7,255,2,0.018099976308931533,0.2680999763089315,16
P31153,2,NA,NA,1,0.016129032258064516,0.016129032258064516,17
P98170,NA,NA,2,1,0.016129032258064516,0.016129032258064516,17
P55058,3,NA,NA,1,0.015873015873015872,0.015873015873015872,19
Q6SLM2,NA,NA,3,1,0.015873015873015872,0.015873015873015872,19
P07148,4,NA,NA,1,0.015625,0.015625,21
Q9X112,NA,NA,4,1,0.015625,0.015625,21
NONE,NA,NA,5,1,0.015384615384615385,0.015384615384615385,23
Q6P179,5,NA,NA,1,0.015384615384615385,0.015384615384615385,23
POL_HV1B1,NA,NA,6,1,0.015151515151515152,0.015151515151515152,25
Q16850,6,NA,NA,1,0.015151515151515152,0.015151515151515152,25
O76074,NA,7,NA,1,0.014925373134328358,0.014925373134328358,27
P00746,NA,7,NA,1,0.014925373134328358,0.014925373134328358,27
P01275,NA,7,NA,1,0.014925373134328358,0.014925373134328358,27
P01375,NA,7,NA,1,0.014925373134328358,0.014925373134328358,27
P04150,NA,7,NA,1,0.014925373134328358,0.014925373134328358,27
P05121,NA,7,NA,1,0.014925373134328358,0.014925373134328358,27
P06737,NA,7,NA,1,0.014925373134328358,0.014925373134328358,27
P06756 P05106,NA,7,NA,1,0.014925373134328358,0.014925373134328358,27
P08235,NA,7,NA,1,0.014925373134328358,0.014925373134328358,27
P08246,NA,7,NA,1,0.014925373134328358,0.014925373134328358,27
P08514 P05106,NA,7,NA,1,0.014925373134328358,0.014925373134328358,27
P09960,NA,7,NA,1,0.014925373134328358,0.014925373134328358,27
P0C869,NA,7,NA,1,0.014925373134328358,0.014925373134328358,27
P10276,NA,7,NA,1,0.014925373134328358,0.014925373134328358,27
P10826,NA,7,NA,1,0.014925373134328358,0.014925373134328358,27
P11150,NA,7,NA,1,0.014925373134328358,0.014925373134328358,27
P11473,NA,7,NA,1,0.014925373134328358,0.014925373134328358,27
P11802,NA,7,NA,1,0.014925373134328358,0.014925373134328358,27
P12268,NA,7,NA,1,0.014925373134328358,0.014925373134328358,27
P13612,NA,7,NA,1,0.014925373134328358,0.014925373134328358,27
P13631,NA,7,NA,1,0.014925373134328358,0.014925373134328358,27
P15328,NA,7,NA,1,0.014925373134328358,0.014925373134328358,27
P18031,NA,7,NA,1,0.014925373134328358,0.014925373134328358,27
P20701,NA,7,NA,1,0.014925373134328358,0.014925373134328358,27
P21554,NA,7,NA,1,0.014925373134328358,0.014925373134328358,27
P23786,NA,7,NA,1,0.014925373134328358,0.014925373134328358,27
P23946,NA,7,NA,1,0.014925373134328358,0.014925373134328358,27
P24530,NA,7,NA,1,0.014925373134328358,0.014925373134328358,27
P27815,NA,7,NA,1,0.014925373134328358,0.014925373134328358,27
P29466,NA,7,NA,1,0.014925373134328358,0.014925373134328358,27
P30531,NA,7,NA,1,0.014925373134328358,0.014925373134328358,27
P30872,NA,7,NA,1,0.014925373134328358,0.014925373134328358,27
P31213,NA,7,NA,1,0.014925373134328358,0.014925373134328358,27
P32246,NA,7,NA,1,0.014925373134328358,0.014925373134328358,27
P34995,NA,7,NA,1,0.014925373134328358,0.014925373134328358,27
P35228,NA,7,NA,1,0.014925373134328358,0.014925373134328358,27
P35367,NA,7,NA,1,0.014925373134328358,0.014925373134328358,27
P35408,NA,7,NA,1,0.014925373134328358,0.014925373134328358,27
P35557,NA,7,NA,1,0.014925373134328358,0.014925373134328358,27
P37268,NA,7,NA,1,0.014925373134328358,0.014925373134328358,27
P39900,NA,7,NA,1,0.014925373134328358,0.014925373134328358,27
P42330,NA,7,NA,1,0.014925373134328358,0.014925373134328358,27
P42338,NA,7,NA,1,0.014925373134328358,0.014925373134328358,27
P42345,NA,7,NA,1,0.014925373134328358,0.014925373134328358,27
P42574,NA,7,NA,1,0.014925373134328358,0.014925373134328358,27
P43088,NA,7,NA,1,0.014925373134328358,0.014925373134328358,27
P43115,NA,7,NA,1,0.014925373134328358,0.014925373134328358,27
P43119,NA,7,NA,1,0.014925373134328358,0.014925373134328358,27
P45983,NA,7,NA,1,0.014925373134328358,0.014925373134328358,27
P47712,NA,7,NA,1,0.014925373134328358,0.014925373134328358,27
P48546,NA,7,NA,1,0.014925373134328358,0.014925373134328358,27
P50416,NA,7,NA,1,0.014925373134328358,0.014925373134328358,27
P51452,NA,7,NA,1,0.014925373134328358,0.014925373134328358,27
P53779,NA,7,NA,1,0.014925373134328358,0.014925373134328358,27
P55055,NA,7,NA,1,0.014925373134328358,0.014925373134328358,27
P55072,NA,7,NA,1,0.014925373134328358,0.014925373134328358,27
P55210,NA,7,NA,1,0.014925373134328358,0.014925373134328358,27
P56817,NA,7,NA,1,0.014925373134328358,0.014925373134328358,27
P62942,NA,7,NA,1,0.014925373134328358,0.014925373134328358,27
P62993,NA,7,NA,1,0.014925373134328358,0.014925373134328358,27
Q03181,NA,7,NA,1,0.014925373134328358,0.014925373134328358,27
Q06418,NA,7,NA,1,0.014925373134328358,0.014925373134328358,27
Q06520,NA,NA,7,1,0.014925373134328358,0.014925373134328358,27
Q07343,NA,7,NA,1,0.014925373134328358,0.014925373134328358,27
Q07869,NA,7,NA,1,0.014925373134328358,0.014925373134328358,27
Q08499,NA,7,NA,1,0.014925373134328358,0.014925373134328358,27
Q12908,NA,7,NA,1,0.014925373134328358,0.014925373134328358,27
Q13133,NA,7,NA,1,0.014925373134328358,0.014925373134328358,27
Q13451,NA,7,NA,1,0.014925373134328358,0.014925373134328358,27
Q13822,NA,7,NA,1,0.014925373134328358,0.014925373134328358,27
Q14164,NA,7,NA,1,0.014925373134328358,0.014925373134328358,27
Q14790,NA,7,NA,1,0.014925373134328358,0.014925373134328358,27
Q15722,NA,7,NA,1,0.014925373134328358,0.014925373134328358,27
Q16647,NA,7,NA,1,0.014925373134328358,0.014925373134328358,27
Q92523,NA,7,NA,1,0.014925373134328358,0.014925373134328358,27
Q92633,NA,7,NA,1,0.014925373134328358,0.014925373134328358,27
Q92731,NA,7,NA,1,0.014925373134328358,0.014925373134328358,27
Q96RI1,NA,7,NA,1,0.014925373134328358,0.014925373134328358,27
Q9GZT9,NA,7,NA,1,0.014925373134328358,0.014925373134328358,27
Q9HBW0,NA,7,NA,1,0.014925373134328358,0.014925373134328358,27
Q9UBY5,NA,7,NA,1,0.014925373134328358,0.014925373134328358,27
Q9UHD2,NA,7,NA,1,0.014925373134328358,0.014925373134328358,27
Q9Y2R2,NA,7,NA,1,0.014925373134328358,0.014925373134328358,27
Q9Y5X9,NA,7,NA,1,0.014925373134328358,0.014925373134328358,27
Q9Y5Z0,NA,7,NA,1,0.014925373134328358,0.014925373134328358,27
LCK_HUMAN,NA,NA,8,1,0.014705882352941176,0.014705882352941176,112
Q9Y3Q0,8,NA,NA,1,0.014705882352941176,0.014705882352941176,112
Q9I4D4,NA,NA,9,1,0.014492753623188406,0.014492753623188406,114
P11142,NA,NA,10,1,0.014285714285714285,0.014285714285714285,115
Q9NQ90,10,NA,NA,1,0.014285714285714285,0.014285714285714285,115
P16442,NA,NA,11,1,0.014084507042253521,0.014084507042253521,117
Q96GG9,12,NA,NA,1,0.013888888888888888,0.013888888888888888,118
Q9WYA5,NA,NA,12,1,0.013888888888888888,0.013888888888888888,118
GSK3B_HUMAN,NA,NA,13,1,0.0136986301369863,0.0136986301369863,120
O75173,13,NA,NA,1,0.0136986301369863,0.0136986301369863,120
P40145,14,NA,NA,1,0.013513513513513514,0.013513513513513514,122
P45568,NA,NA,14,1,0.013513513513513514,0.013513513513513514,122
Q9NPD5,14,NA,NA,1,0.013513513513513514,0.013513513513513514,122
P56658,NA,NA,15,1,0.013333333333333334,0.013333333333333334,125
P33247,NA,NA,16,1,0.013157894736842105,0.013157894736842105,126
AMYP_HUMAN,NA,NA,17,1,0.012987012987012988,0.012987012987012988,127
P9WNP5,17,NA,NA,1,0.012987012987012988,0.012987012987012988,127
Q05603,NA,NA,18,1,0.01282051282051282,0.01282051282051282,129
Q9Y265,18,NA,NA,1,0.01282051282051282,0.01282051282051282,129
P0A1X2,NA,NA,19,1,0.012658227848101266,0.012658227848101266,131
Q00511,NA,NA,20,1,0.0125,0.0125,132
Q9NSD9,20,NA,NA,1,0.0125,0.0125,132
EPHB4_HUMAN,NA,NA,21,1,0.012345679012345678,0.012345679012345678,134
P08254,21,NA,NA,1,0.012345679012345678,0.012345679012345678,134
P09237,21,NA,NA,1,0.012345679012345678,0.012345679012345678,134
Q13393,21,NA,NA,1,0.012345679012345678,0.012345679012345678,134
Q5XXA6,21,NA,NA,1,0.012345679012345678,0.012345679012345678,134
Q9NZJ5,21,NA,NA,1,0.012345679012345678,0.012345679012345678,134
P0A5M4,NA,NA,22,1,0.012195121951219513,0.012195121951219513,140
P05020,NA,NA,23,1,0.012048192771084338,0.012048192771084338,141
P07071,NA,NA,24,1,0.011904761904761904,0.011904761904761904,142
Q00441,NA,NA,25,1,0.011764705882352941,0.011764705882352941,143
P10635,26,NA,NA,1,0.011627906976744186,0.011627906976744186,144
P10648,NA,NA,26,1,0.011627906976744186,0.011627906976744186,144
P55212,26,NA,NA,1,0.011627906976744186,0.011627906976744186,144
CATG_HUMAN,NA,NA,27,1,0.011494252873563218,0.011494252873563218,147
P00722,NA,NA,28,1,0.011363636363636364,0.011363636363636364,148
Q8N6T7,28,NA,NA,1,0.011363636363636364,0.011363636363636364,148
Q9H237,28,NA,NA,1,0.011363636363636364,0.011363636363636364,148
Q9P1Z3,28,NA,NA,1,0.011363636363636364,0.011363636363636364,148
P0ACB2,NA,NA,29,1,0.011235955056179775,0.011235955056179775,152
P95468,NA,NA,30,1,0.011111111111111112,0.011111111111111112,153
ALBU_HUMAN,NA,NA,31,1,0.01098901098901099,0.01098901098901099,154
Q9UIQ6,31,NA,NA,1,0.01098901098901099,0.01098901098901099,154
Q92887,32,NA,NA,1,0.010869565217391304,0.010869565217391304,156
Q9ZIV5,NA,NA,32,1,0.010869565217391304,0.010869565217391304,156
O95342,33,NA,NA,1,0.010752688172043012,0.010752688172043012,158
P15085,33,NA,NA,1,0.010752688172043012,0.010752688172043012,158
P19157,NA,NA,33,1,0.010752688172043012,0.010752688172043012,158
Q07002,33,NA,NA,1,0.010752688172043012,0.010752688172043012,158
P00918,NA,NA,34,1,0.010638297872340425,0.010638297872340425,162
P0A884,NA,NA,35,1,0.010526315789473684,0.010526315789473684,163
HS90A_HUMAN,NA,NA,36,1,0.010416666666666666,0.010416666666666666,164
NR1I2_HUMAN,NA,NA,37,1,0.010309278350515464,0.010309278350515464,165
P46531,37,NA,NA,1,0.010309278350515464,0.010309278350515464,165
P48058,37,NA,NA,1,0.010309278350515464,0.010309278350515464,165
Q9NS67,37,NA,NA,1,0.010309278350515464,0.010309278350515464,165
Q9UDY8,37,NA,NA,1,0.010309278350515464,0.010309278350515464,165
P29476,NA,NA,38,1,0.01020408163265306,0.01020408163265306,170
P00730,NA,NA,39,1,0.010101010101010102,0.010101010101010102,171
P49137,NA,NA,40,1,0.01,0.01,172
P06986,NA,NA,41,1,0.009900990099009901,0.009900990099009901,173
P08183,41,NA,NA,1,0.009900990099009901,0.009900990099009901,173
P00323,NA,NA,42,1,0.00980392156862745,0.00980392156862745,175
Q92820,42,NA,NA,1,0.00980392156862745,0.00980392156862745,175
Q9NZ08,42,NA,NA,1,0.00980392156862745,0.00980392156862745,175
P00489,NA,NA,43,1,0.009708737864077669,0.009708737864077669,178
P09238,44,NA,NA,1,0.009615384615384616,0.009615384615384616,179
P16109,44,NA,NA,1,0.009615384615384616,0.009615384615384616,179
P19938,NA,NA,44,1,0.009615384615384616,0.009615384615384616,179
P55157,44,NA,NA,1,0.009615384615384616,0.009615384615384616,179
Q02224,44,NA,NA,1,0.009615384615384616,0.009615384615384616,179
Q495T6,44,NA,NA,1,0.009615384615384616,0.009615384615384616,179
Q9P0U3,44,NA,NA,1,0.009615384615384616,0.009615384615384616,179
P00517,NA,NA,45,1,0.009523809523809525,0.009523809523809525,186
MMP3_HUMAN,NA,NA,46,1,0.009433962264150943,0.009433962264150943,187
P16608,NA,NA,47,1,0.009345794392523364,0.009345794392523364,188
P13000,NA,NA,48,1,0.009259259259259259,0.009259259259259259,189
P01343,NA,NA,49,1,0.009174311926605505,0.009174311926605505,190
O15438,50,NA,NA,1,0.00909090909090909,0.00909090909090909,191
P0ABQ4,NA,NA,50,1,0.00909090909090909,0.00909090909090909,191
P22894,50,NA,NA,1,0.00909090909090909,0.00909090909090909,191
Q04721,50,NA,NA,1,0.00909090909090909,0.00909090909090909,191
Q92794,50,NA,NA,1,0.00909090909090909,0.00909090909090909,191
Q9ULZ9,50,NA,NA,1,0.00909090909090909,0.00909090909090909,191
P39593,NA,NA,51,1,0.009009009009009009,0.009009009009009009,197
GSTP1_HUMAN,NA,NA,52,1,0.008928571428571428,0.008928571428571428,198
P05102,NA,NA,53,1,0.008849557522123894,0.008849557522123894,199
CHK1_HUMAN,NA,NA,54,1,0.008771929824561403,0.008771929824561403,200
O00429,56,NA,NA,1,0.008620689655172414,0.008620689655172414,201
P11712,56,NA,NA,1,0.008620689655172414,0.008620689655172414,201
Q9BRH5,56,NA,NA,1,0.008620689655172414,0.008620689655172414,201
Q9H228,56,NA,NA,1,0.008620689655172414,0.008620689655172414,201
Q9Y6L6,56,NA,NA,1,0.008620689655172414,0.008620689655172414,201
P00390,NA,NA,57,1,0.008547008547008548,0.008547008547008548,206
P32890,NA,NA,58,1,0.00847457627118644,0.00847457627118644,207
RARG_HUMAN,NA,NA,59,1,0.008403361344537815,0.008403361344537815,208
P07805,NA,NA,60,1,0.008333333333333333,0.008333333333333333,209
A4D1B5,61,NA,NA,1,0.008264462809917356,0.008264462809917356,210
P04201,61,NA,NA,1,0.008264462809917356,0.008264462809917356,210
P37821,NA,NA,61,1,0.008264462809917356,0.008264462809917356,210
P48052,61,NA,NA,1,0.008264462809917356,0.008264462809917356,210
P48066,61,NA,NA,1,0.008264462809917356,0.008264462809917356,210
Q6UVM3,61,NA,NA,1,0.008264462809917356,0.008264462809917356,210
Q96T54,61,NA,NA,1,0.008264462809917356,0.008264462809917356,210
Q9UKU6,61,NA,NA,1,0.008264462809917356,0.008264462809917356,210
STAT1_HUMAN,NA,NA,62,1,0.00819672131147541,0.00819672131147541,218
O67648,NA,NA,63,1,0.008130081300813009,0.008130081300813009,219
Q93112,NA,NA,64,1,0.008064516129032258,0.008064516129032258,220
P15555,NA,NA,65,1,0.008,0.008,221
FGFR1_HUMAN,NA,NA,66,1,0.007936507936507936,0.007936507936507936,222
Q13231,NA,NA,67,1,0.007874015748031496,0.007874015748031496,223
P00484,NA,NA,68,1,0.0078125,0.0078125,224
P09601,69,NA,NA,1,0.007751937984496124,0.007751937984496124,225
P14672,69,NA,NA,1,0.007751937984496124,0.007751937984496124,225
P24941,NA,NA,69,1,0.007751937984496124,0.007751937984496124,225
P42685,69,NA,NA,1,0.007751937984496124,0.007751937984496124,225
P46059,69,NA,NA,1,0.007751937984496124,0.007751937984496124,225
P60568,69,NA,NA,1,0.007751937984496124,0.007751937984496124,225
Q9NPC2,69,NA,NA,1,0.007751937984496124,0.007751937984496124,225
Q9UI42,69,NA,NA,1,0.007751937984496124,0.007751937984496124,225
P26663,NA,NA,70,1,0.007692307692307693,0.007692307692307693,233
O25927,NA,NA,71,1,0.007633587786259542,0.007633587786259542,234
P04958,NA,NA,72,1,0.007575757575757576,0.007575757575757576,235
P31335,NA,NA,73,1,0.007518796992481203,0.007518796992481203,236
THRB_HUMAN,NA,NA,74,1,0.007462686567164179,0.007462686567164179,237
FKB1B_HUMAN,NA,NA,75,1,0.007407407407407408,0.007407407407407408,238
P28593,NA,NA,76,1,0.007352941176470588,0.007352941176470588,239
Q99500,76,NA,NA,1,0.007352941176470588,0.007352941176470588,239
PDPK1_HUMAN,NA,NA,77,1,0.0072992700729927005,0.0072992700729927005,241
RISA_ECOLI,NA,NA,78,1,0.007246376811594203,0.007246376811594203,242
P02592,NA,NA,79,1,0.007194244604316547,0.007194244604316547,243
P13726,79,NA,NA,1,0.007194244604316547,0.007194244604316547,243
P49721,79,NA,NA,1,0.007194244604316547,0.007194244604316547,243
P00183,NA,NA,80,1,0.007142857142857143,0.007142857142857143,246
ERR3_HUMAN,NA,NA,81,1,0.0070921985815602835,0.0070921985815602835,247
O00115,82,NA,NA,1,0.007042253521126761,0.007042253521126761,248
P76187,NA,NA,82,1,0.007042253521126761,0.007042253521126761,248
Q9NP77,82,NA,NA,1,0.007042253521126761,0.007042253521126761,248
P19999,NA,NA,83,1,0.006993006993006993,0.006993006993006993,251
P25779,NA,NA,84,1,0.006944444444444444,0.006944444444444444,252
P34896,84,NA,NA,1,0.006944444444444444,0.006944444444444444,252
Q15465,84,NA,NA,1,0.006944444444444444,0.006944444444444444,252
Q6XQN6,84,NA,NA,1,0.006944444444444444,0.006944444444444444,252
Q8TDS5,84,NA,NA,1,0.006944444444444444,0.006944444444444444,252
Q92953,84,NA,NA,1,0.006944444444444444,0.006944444444444444,252
P0AE18,NA,NA,85,1,0.006896551724137931,0.006896551724137931,258
P30418,NA,NA,86,1,0.00684931506849315,0.00684931506849315,259
Q9UKM7,NA,NA,87,1,0.006802721088435374,0.006802721088435374,260
O34667,NA,NA,88,1,0.006756756756756757,0.006756756756756757,261
DCK_HUMAN,NA,NA,89,1,0.006711409395973154,0.006711409395973154,262
P05198,89,NA,NA,1,0.006711409395973154,0.006711409395973154,262
Q16637,89,NA,NA,1,0.006711409395973154,0.006711409395973154,262
Q6DWJ6,89,NA,NA,1,0.006711409395973154,0.006711409395973154,262
Q9Y294,89,NA,NA,1,0.006711409395973154,0.006711409395973154,262
PPARA_HUMAN,NA,NA,90,1,0.006666666666666667,0.006666666666666667,267
INHA_MYCTU,NA,NA,91,1,0.006622516556291391,0.006622516556291391,268
Q05599,NA,NA,92,1,0.006578947368421052,0.006578947368421052,269
P41043,NA,NA,93,1,0.006535947712418301,0.006535947712418301,270
P51677,93,NA,NA,1,0.006535947712418301,0.006535947712418301,270
Q9UBZ9,93,NA,NA,1,0.006535947712418301,0.006535947712418301,270
Q81EW9,NA,NA,94,1,0.006493506493506494,0.006493506493506494,273
P46088,NA,NA,95,1,0.0064516129032258064,0.0064516129032258064,274
Q9BYF1,95,NA,NA,1,0.0064516129032258064,0.0064516129032258064,274
DHSO_HUMAN,NA,NA,96,1,0.00641025641025641,0.00641025641025641,276
P39086,96,NA,NA,1,0.00641025641025641,0.00641025641025641,276
O00220,97,NA,NA,1,0.006369426751592357,0.006369426751592357,278
P26440,NA,NA,97,1,0.006369426751592357,0.006369426751592357,278
P21453,98,NA,NA,1,0.006329113924050633,0.006329113924050633,280
PDE4D_HUMAN,NA,NA,98,1,0.006329113924050633,0.006329113924050633,280
PTN1_HUMAN,NA,NA,99,1,0.006289308176100629,0.006289308176100629,282
Q13510,99,NA,NA,1,0.006289308176100629,0.006289308176100629,282
O14939,100,NA,NA,1,0.00625,0.00625,284
Q96323,NA,NA,100,1,0.00625,0.00625,284
P00183,NA,NA,101,1,0.006211180124223602,0.006211180124223602,286
P18079,NA,NA,102,1,0.006172839506172839,0.006172839506172839,287
ALDR_HUMAN,NA,NA,103,1,0.006134969325153374,0.006134969325153374,288
OAT_HUMAN,NA,NA,104,1,0.006097560975609756,0.006097560975609756,289
MMP8_HUMAN,NA,NA,105,1,0.006060606060606061,0.006060606060606061,290
SRC_HUMAN,NA,NA,106,1,0.006024096385542169,0.006024096385542169,291
P17576,NA,NA,107,1,0.005988023952095809,0.005988023952095809,292
MTNN_ECOLI,NA,NA,108,1,0.005952380952380952,0.005952380952380952,293
Q08881,NA,NA,109,1,0.005917159763313609,0.005917159763313609,294
P08238,NA,NA,110,1,0.0058823529411764705,0.0058823529411764705,295
P10760,NA,NA,111,1,0.005847953216374269,0.005847953216374269,296
P00524,NA,NA,112,1,0.005813953488372093,0.005813953488372093,297
Q05769,NA,NA,113,1,0.005780346820809248,0.005780346820809248,298
P08536,NA,NA,114,1,0.005747126436781609,0.005747126436781609,299
P22939,NA,NA,116,1,0.005681818181818182,0.005681818181818182,300
VGFR2_HUMAN,NA,NA,117,1,0.005649717514124294,0.005649717514124294,301
O15382,NA,NA,118,1,0.0056179775280898875,0.0056179775280898875,302
P0ACT4,NA,NA,119,1,0.00558659217877095,0.00558659217877095,303
P07547,NA,NA,120,1,0.005555555555555556,0.005555555555555556,304
P00914,NA,NA,121,1,0.0055248618784530384,0.0055248618784530384,305
P02690,NA,NA,122,1,0.005494505494505495,0.005494505494505495,306
P09147,NA,NA,123,1,0.00546448087431694,0.00546448087431694,307
P36217,NA,NA,124,1,0.005434782608695652,0.005434782608695652,308
P0A6K3,NA,NA,125,1,0.005405405405405406,0.005405405405405406,309
P80912,NA,NA,126,1,0.005376344086021506,0.005376344086021506,310
P00772,NA,NA,127,1,0.0053475935828877,0.0053475935828877,311
P77398,NA,NA,128,1,0.005319148936170213,0.005319148936170213,312
P00502,NA,NA,129,1,0.005291005291005291,0.005291005291005291,313
MK01_HUMAN,NA,NA,130,1,0.005263157894736842,0.005263157894736842,314
O05891,NA,NA,131,1,0.005235602094240838,0.005235602094240838,315
MMP12_HUMAN,NA,NA,132,1,0.005208333333333333,0.005208333333333333,316
PIM1_HUMAN,NA,NA,133,1,0.0051813471502590676,0.0051813471502590676,317
Q9JKA9,NA,NA,134,1,0.005154639175257732,0.005154639175257732,318
Q56268,NA,NA,135,1,0.005128205128205128,0.005128205128205128,319
P07464,NA,NA,136,1,0.00510204081632653,0.00510204081632653,320
MMP13_HUMAN,NA,NA,137,1,0.005076142131979695,0.005076142131979695,321
O35000,NA,NA,138,1,0.005050505050505051,0.005050505050505051,322
P28720,NA,NA,139,1,0.005025125628140704,0.005025125628140704,323
P00800,NA,NA,140,1,0.005,0.005,324
O14965,NA,NA,141,1,0.004975124378109453,0.004975124378109453,325
Q16772,NA,NA,142,1,0.0049504950495049506,0.0049504950495049506,326
Q16539,NA,NA,143,1,0.0049261083743842365,0.0049261083743842365,327
P14756,NA,NA,144,1,0.004901960784313725,0.004901960784313725,328
P35202,NA,NA,145,1,0.004878048780487805,0.004878048780487805,329
P00509,NA,NA,146,1,0.0048543689320388345,0.0048543689320388345,330
Q46604,NA,NA,147,1,0.004830917874396135,0.004830917874396135,331
P05979,NA,NA,148,1,0.004807692307692308,0.004807692307692308,332
Q46822,NA,NA,149,1,0.004784688995215311,0.004784688995215311,333
P28305,NA,NA,150,1,0.004761904761904762,0.004761904761904762,334
P41148,NA,NA,151,1,0.004739336492890996,0.004739336492890996,335
FKB1A_HUMAN,NA,NA,152,1,0.0047169811320754715,0.0047169811320754715,336
P00630,NA,NA,153,1,0.004694835680751174,0.004694835680751174,337
P0A574,NA,NA,154,1,0.004672897196261682,0.004672897196261682,338
P0A827,NA,NA,155,1,0.004651162790697674,0.004651162790697674,339
KITH_HHV11,NA,NA,156,1,0.004629629629629629,0.004629629629629629,340
Q62735,NA,NA,157,1,0.004608294930875576,0.004608294930875576,341
P02829,NA,NA,158,1,0.0045871559633027525,0.0045871559633027525,342
ZAP70_HUMAN,NA,NA,159,1,0.0045662100456621,0.0045662100456621,343
KIF11_HUMAN,NA,NA,160,1,0.004545454545454545,0.004545454545454545,344
CATS_HUMAN,NA,NA,161,1,0.004524886877828055,0.004524886877828055,345
P41263,NA,NA,162,1,0.0045045045045045045,0.0045045045045045045,346
Q63707,NA,NA,163,1,0.004484304932735426,0.004484304932735426,347
P19656,NA,NA,164,1,0.004464285714285714,0.004464285714285714,348
P02945,NA,NA,165,1,0.0044444444444444444,0.0044444444444444444,349
BACE1_HUMAN,NA,NA,166,1,0.004424778761061947,0.004424778761061947,350
O87696,NA,NA,167,1,0.004405286343612335,0.004405286343612335,351
Q14541,NA,NA,168,1,0.0043859649122807015,0.0043859649122807015,352
P56221,NA,NA,169,1,0.004366812227074236,0.004366812227074236,353
P23687,NA,NA,170,1,0.004347826086956522,0.004347826086956522,354
P07688,NA,NA,171,1,0.004329004329004329,0.004329004329004329,355
TTHY_HUMAN,NA,NA,172,1,0.004310344827586207,0.004310344827586207,356
P08179,NA,NA,173,1,0.004291845493562232,0.004291845493562232,357
P48632,NA,NA,174,1,0.004273504273504274,0.004273504273504274,358
Q9H3S4,NA,NA,175,1,0.00425531914893617,0.00425531914893617,359
P42328,NA,NA,176,1,0.00423728813559322,0.00423728813559322,360
MET_HUMAN,NA,NA,177,1,0.004219409282700422,0.004219409282700422,361
ADHX_HUMAN,NA,NA,178,1,0.004201680672268907,0.004201680672268907,362
P03472,NA,NA,179,1,0.0041841004184100415,0.0041841004184100415,363
Q02853,NA,NA,180,1,0.004166666666666667,0.004166666666666667,364
SPYA_HUMAN,NA,NA,181,1,0.004149377593360996,0.004149377593360996,365
RENI_HUMAN,NA,NA,182,1,0.004132231404958678,0.004132231404958678,366
P19656,NA,NA,183,1,0.00411522633744856,0.00411522633744856,367
Q54528,NA,NA,184,1,0.004098360655737705,0.004098360655737705,368
P28523,NA,NA,185,1,0.004081632653061225,0.004081632653061225,369
NR1I3_HUMAN,NA,NA,186,1,0.0040650406504065045,0.0040650406504065045,370
P18357,NA,NA,187,1,0.004048582995951417,0.004048582995951417,371
Q9BHB0,NA,NA,188,1,0.004032258064516129,0.004032258064516129,372
Q8ZNF3,NA,NA,189,1,0.004016064257028112,0.004016064257028112,373
P07445,NA,NA,190,1,0.004,0.004,374
P37063,NA,NA,191,1,0.00398406374501992,0.00398406374501992,375
Q9BZX2,NA,NA,192,1,0.003968253968253968,0.003968253968253968,376
P00943,NA,NA,193,1,0.003952569169960474,0.003952569169960474,377
CASP3_HUMAN,NA,NA,194,1,0.003937007874015748,0.003937007874015748,378
Q9CHL8,NA,NA,195,1,0.00392156862745098,0.00392156862745098,379
P14769,NA,NA,196,1,0.00390625,0.00390625,380
P13255,NA,NA,197,1,0.0038910505836575876,0.0038910505836575876,381
Q9ZPL5,NA,NA,198,1,0.003875968992248062,0.003875968992248062,382
TRYB2_HUMAN,NA,NA,199,1,0.003861003861003861,0.003861003861003861,383
P22629,NA,NA,200,1,0.0038461538461538464,0.0038461538461538464,384
P06401,NA,NA,201,1,0.0038314176245210726,0.0038314176245210726,385
P08263,NA,NA,202,1,0.003816793893129771,0.003816793893129771,386
P00175,NA,NA,203,1,0.0038022813688212928,0.0038022813688212928,387
P30043,NA,NA,204,1,0.003787878787878788,0.003787878787878788,388
Q8I3X4,NA,NA,205,1,0.0037735849056603774,0.0037735849056603774,389
O76054,NA,NA,206,1,0.0037593984962406013,0.0037593984962406013,390
GCR_HUMAN,NA,NA,207,1,0.003745318352059925,0.003745318352059925,391
P56273,NA,NA,208,1,0.0037313432835820895,0.0037313432835820895,392
DPP4_HUMAN,NA,NA,209,1,0.0037174721189591076,0.0037174721189591076,393
MK10_HUMAN,NA,NA,210,1,0.003703703703703704,0.003703703703703704,394
TGFR1_HUMAN,NA,NA,211,1,0.0036900369003690036,0.0036900369003690036,395
P25924,NA,NA,212,1,0.003676470588235294,0.003676470588235294,396
P0A6E4,NA,NA,213,1,0.003663003663003663,0.003663003663003663,397
P0C6U8,NA,NA,214,1,0.0036496350364963502,0.0036496350364963502,398
Q06121,NA,NA,215,1,0.0036363636363636364,0.0036363636363636364,399
P00559,NA,NA,216,1,0.0036231884057971015,0.0036231884057971015,400
CASP1_HUMAN,NA,NA,217,1,0.0036101083032490976,0.0036101083032490976,401
JAK2_HUMAN,NA,NA,218,1,0.0035971223021582736,0.0035971223021582736,402
P09598,NA,NA,219,1,0.0035842293906810036,0.0035842293906810036,403
P68135,NA,NA,220,1,0.0035714285714285713,0.0035714285714285713,404
FABP7_HUMAN,NA,NA,221,1,0.0035587188612099642,0.0035587188612099642,405
P04905,NA,NA,222,1,0.0035460992907801418,0.0035460992907801418,406
ADA17_HUMAN,NA,NA,223,1,0.0035335689045936395,0.0035335689045936395,407
PPAP_HUMAN,NA,NA,224,1,0.0035211267605633804,0.0035211267605633804,408
P0A552,NA,NA,225,1,0.0035087719298245615,0.0035087719298245615,409
P64820,NA,NA,226,1,0.0034965034965034965,0.0034965034965034965,410
P50135,NA,NA,227,1,0.003484320557491289,0.003484320557491289,411
P05414,NA,NA,228,1,0.003472222222222222,0.003472222222222222,412
P80035,NA,NA,229,1,0.0034602076124567475,0.0034602076124567475,413
P00924,NA,NA,230,1,0.0034482758620689655,0.0034482758620689655,414
AMPM2_HUMAN,NA,NA,231,1,0.003436426116838488,0.003436426116838488,415
P29473,NA,NA,232,1,0.003424657534246575,0.003424657534246575,416
PTN11_HUMAN,NA,NA,233,1,0.0034129692832764505,0.0034129692832764505,417
PADI4_HUMAN,NA,NA,234,1,0.003401360544217687,0.003401360544217687,418
P00520,NA,NA,235,1,0.003389830508474576,0.003389830508474576,419
INSR_HUMAN,NA,NA,236,1,0.0033783783783783786,0.0033783783783783786,420
AMPC_ECOLI,NA,NA,237,1,0.003367003367003367,0.003367003367003367,421
P50618,NA,NA,238,1,0.003355704697986577,0.003355704697986577,422
FPPS_HUMAN,NA,NA,239,1,0.0033444816053511705,0.0033444816053511705,423
P06762,NA,NA,240,1,0.0033333333333333335,0.0033333333333333335,424
S10A9_HUMAN,NA,NA,241,1,0.0033222591362126247,0.0033222591362126247,425
KPCT_HUMAN,NA,NA,242,1,0.0033112582781456954,0.0033112582781456954,426
P0A366,NA,NA,243,1,0.0033003300330033004,0.0033003300330033004,427
Q9X1H9,NA,NA,244,1,0.003289473684210526,0.003289473684210526,428
Q40313,NA,NA,245,1,0.003278688524590164,0.003278688524590164,429
P77444,NA,NA,246,1,0.0032679738562091504,0.0032679738562091504,430
DCAM_HUMAN,NA,NA,247,1,0.003257328990228013,0.003257328990228013,431
P0A817,NA,NA,248,1,0.003246753246753247,0.003246753246753247,432
Q01234,NA,NA,249,1,0.003236245954692557,0.003236245954692557,433
P26276,NA,NA,250,1,0.0032258064516129032,0.0032258064516129032,434
Q56320,NA,NA,251,1,0.003215434083601286,0.003215434083601286,435
Q01292,NA,NA,252,1,0.003205128205128205,0.003205128205128205,436
VATD_ENTFC,NA,NA,253,1,0.003194888178913738,0.003194888178913738,437
Q53ZE5,NA,NA,254,1,0.0031847133757961785,0.0031847133757961785,438
P74881,NA,NA,256,1,0.0031645569620253164,0.0031645569620253164,439
Q9SWE5,NA,NA,257,1,0.0031545741324921135,0.0031545741324921135,440
GRB2_HUMAN,NA,NA,258,1,0.0031446540880503146,0.0031446540880503146,441
P27302,NA,NA,258,1,0.0031446540880503146,0.0031446540880503146,441
O31440,NA,NA,260,1,0.003125,0.003125,443
P24182,NA,NA,261,1,0.003115264797507788,0.003115264797507788,444
P43379,NA,NA,262,1,0.003105590062111801,0.003105590062111801,445
Q837V6,NA,NA,263,1,0.0030959752321981426,0.0030959752321981426,446
P56122,NA,NA,264,1,0.0030864197530864196,0.0030864197530864196,447
P04968,NA,NA,265,1,0.003076923076923077,0.003076923076923077,448
Q04081,NA,NA,266,1,0.003067484662576687,0.003067484662576687,449
P04392,NA,NA,267,1,0.0030581039755351682,0.0030581039755351682,450
GSTM2_HUMAN,NA,NA,268,1,0.003048780487804878,0.003048780487804878,451
P08515,NA,NA,269,1,0.00303951367781155,0.00303951367781155,452
P02693,NA,NA,270,1,0.0030303030303030303,0.0030303030303030303,453
O07529,NA,NA,271,1,0.0030211480362537764,0.0030211480362537764,454
P22830,NA,NA,272,1,0.0030120481927710845,0.0030120481927710845,455
O59952,NA,NA,273,1,0.003003003003003003,0.003003003003003003,456
KPYR_HUMAN,NA,NA,274,1,0.0029940119760479044,0.0029940119760479044,457
Q07785,NA,NA,275,1,0.0029850746268656717,0.0029850746268656717,458
P29477,NA,NA,276,1,0.002976190476190476,0.002976190476190476,459
P60327,NA,NA,277,1,0.002967359050445104,0.002967359050445104,460
P43777,NA,NA,278,1,0.0029585798816568047,0.0029585798816568047,461
ZIPA_ECOLI,NA,NA,279,1,0.0029498525073746312,0.0029498525073746312,462
P0A6Q3,NA,NA,280,1,0.0029411764705882353,0.0029411764705882353,463
P00864,NA,NA,281,1,0.002932551319648094,0.002932551319648094,464
Q9FDN7,NA,NA,282,1,0.0029239766081871343,0.0029239766081871343,465
P07342,NA,NA,283,1,0.0029154518950437317,0.0029154518950437317,466
P0AET8,NA,NA,284,1,0.0029069767441860465,0.0029069767441860465,467
P0AEY0,NA,NA,285,1,0.002898550724637681,0.002898550724637681,468
P72024,NA,NA,286,1,0.002890173410404624,0.002890173410404624,469
P24280,NA,NA,287,1,0.002881844380403458,0.002881844380403458,470
Q746J6,NA,NA,288,1,0.0028735632183908046,0.0028735632183908046,471
P41367,NA,NA,289,1,0.0028653295128939827,0.0028653295128939827,472
P15207,NA,NA,290,1,0.002857142857142857,0.002857142857142857,473
P29762,NA,NA,291,1,0.002849002849002849,0.002849002849002849,474
PUR2_HUMAN,NA,NA,292,1,0.002840909090909091,0.002840909090909091,475
Q54873,NA,NA,293,1,0.0028328611898017,0.0028328611898017,476
P80404,NA,NA,294,1,0.002824858757062147,0.002824858757062147,477
P17599,NA,NA,295,1,0.0028169014084507044,0.0028169014084507044,478
O35627,NA,NA,296,1,0.0028089887640449437,0.0028089887640449437,479
Q5SHN5,NA,NA,297,1,0.0028011204481792717,0.0028011204481792717,480
P11586,NA,NA,298,1,0.002793296089385475,0.002793296089385475,481
Q96C86,NA,NA,299,1,0.002785515320334262,0.002785515320334262,482
